-- MySQL dump 10.13  Distrib 5.7.28, for Linux (x86_64)
--
-- Host: localhost    Database: MecanismosMat2019
-- ------------------------------------------------------
-- Server version	5.7.28-0ubuntu0.18.04.4

/*!40101 SET @OLD_CHARACTER_SET_CLIENT=@@CHARACTER_SET_CLIENT */;
/*!40101 SET @OLD_CHARACTER_SET_RESULTS=@@CHARACTER_SET_RESULTS */;
/*!40101 SET @OLD_COLLATION_CONNECTION=@@COLLATION_CONNECTION */;
/*!40101 SET NAMES utf8 */;
/*!40103 SET @OLD_TIME_ZONE=@@TIME_ZONE */;
/*!40103 SET TIME_ZONE='+00:00' */;
/*!40014 SET @OLD_UNIQUE_CHECKS=@@UNIQUE_CHECKS, UNIQUE_CHECKS=0 */;
/*!40014 SET @OLD_FOREIGN_KEY_CHECKS=@@FOREIGN_KEY_CHECKS, FOREIGN_KEY_CHECKS=0 */;
/*!40101 SET @OLD_SQL_MODE=@@SQL_MODE, SQL_MODE='NO_AUTO_VALUE_ON_ZERO' */;
/*!40111 SET @OLD_SQL_NOTES=@@SQL_NOTES, SQL_NOTES=0 */;

--
-- Table structure for table `areas`
--

DROP TABLE IF EXISTS `areas`;
/*!40101 SET @saved_cs_client     = @@character_set_client */;
/*!40101 SET character_set_client = utf8 */;
CREATE TABLE `areas` (
  `id` int(11) NOT NULL AUTO_INCREMENT,
  `area` varchar(255) DEFAULT NULL,
  PRIMARY KEY (`id`)
) ENGINE=InnoDB AUTO_INCREMENT=11 DEFAULT CHARSET=utf8;
/*!40101 SET character_set_client = @saved_cs_client */;

--
-- Dumping data for table `areas`
--

LOCK TABLES `areas` WRITE;
/*!40000 ALTER TABLE `areas` DISABLE KEYS */;
INSERT INTO `areas` VALUES (1,'Almacen'),(2,'Calidad'),(3,'Compras'),(4,'Embarques'),(5,'Import Export'),(6,'Ingenieria'),(7,'Mantenimiento'),(8,'Produccion'),(9,'Recursos Humanos'),(10,'Sistemas');
/*!40000 ALTER TABLE `areas` ENABLE KEYS */;
UNLOCK TABLES;

--
-- Table structure for table `areas_respuestas`
--

DROP TABLE IF EXISTS `areas_respuestas`;
/*!40101 SET @saved_cs_client     = @@character_set_client */;
/*!40101 SET character_set_client = utf8 */;
CREATE TABLE `areas_respuestas` (
  `folio_id` int(11) DEFAULT NULL,
  `area_id` int(11) DEFAULT NULL,
  `respuesta` int(11) DEFAULT NULL
) ENGINE=InnoDB DEFAULT CHARSET=utf8;
/*!40101 SET character_set_client = @saved_cs_client */;

--
-- Dumping data for table `areas_respuestas`
--

LOCK TABLES `areas_respuestas` WRITE;
/*!40000 ALTER TABLE `areas_respuestas` DISABLE KEYS */;
INSERT INTO `areas_respuestas` VALUES (1,1,-1),(1,2,-1),(1,3,-1),(1,4,-1),(1,5,-1),(1,6,-1),(1,7,-1),(1,8,-1),(1,9,-1),(1,10,-1),(2,1,-1),(2,2,-1),(2,3,-1),(2,4,-1),(2,5,-1),(2,6,-1),(2,7,-1),(2,8,-1),(2,9,-1),(2,10,-1),(3,1,40),(3,2,-1),(3,3,-1),(3,4,40),(3,5,-1),(3,6,40),(3,7,-1),(3,8,-1),(3,9,-1),(3,10,40),(4,1,-1),(4,2,-1),(4,3,-1),(4,4,-1),(4,5,-1),(4,6,-1),(4,7,-1),(4,8,-1),(4,9,-1),(4,10,-1),(5,1,-1),(5,2,40),(5,3,40),(5,4,-1),(5,5,40),(5,6,-1),(5,7,-1),(5,8,-1),(5,9,-1),(5,10,-1),(6,1,-1),(6,2,-1),(6,3,-1),(6,4,-1),(6,5,-1),(6,6,-1),(6,7,-1),(6,8,40),(6,9,-1),(6,10,-1),(7,1,-1),(7,2,-1),(7,3,-1),(7,4,-1),(7,5,-1),(7,6,-1),(7,7,-1),(7,8,-1),(7,9,-1),(7,10,-1),(8,1,-1),(8,2,-1),(8,3,-1),(8,4,-1),(8,5,-1),(8,6,-1),(8,7,-1),(8,8,-1),(8,9,-1),(8,10,-1),(9,1,-1),(9,2,-1),(9,3,-1),(9,4,-1),(9,5,-1),(9,6,-1),(9,7,-1),(9,8,-1),(9,9,-1),(9,10,-1),(10,1,-1),(10,2,-1),(10,3,-1),(10,4,-1),(10,5,-1),(10,6,-1),(10,7,-1),(10,8,-1),(10,9,-1),(10,10,-1),(11,1,-1),(11,2,-1),(11,3,-1),(11,4,-1),(11,5,-1),(11,6,-1),(11,7,-1),(11,8,-1),(11,9,-1),(11,10,-1),(12,1,-1),(12,2,-1),(12,3,-1),(12,4,-1),(12,5,-1),(12,6,-1),(12,7,40),(12,8,-1),(12,9,-1),(12,10,-1),(13,1,-1),(13,2,-1),(13,3,-1),(13,4,-1),(13,5,40),(13,6,40),(13,7,-1),(13,8,40),(13,9,-1),(13,10,-1),(14,1,40),(14,2,-1),(14,3,-1),(14,4,-1),(14,5,-1),(14,6,-1),(14,7,-1),(14,8,-1),(14,9,-1),(14,10,-1),(15,1,-1),(15,2,-1),(15,3,-1),(15,4,-1),(15,5,-1),(15,6,-1),(15,7,-1),(15,8,-1),(15,9,-1),(15,10,-1),(16,1,-1),(16,2,-1),(16,3,-1),(16,4,-1),(16,5,-1),(16,6,-1),(16,7,-1),(16,8,-1),(16,9,-1),(16,10,-1),(17,1,-1),(17,2,-1),(17,3,-1),(17,4,-1),(17,5,-1),(17,6,-1),(17,7,-1),(17,8,-1),(17,9,-1),(17,10,-1),(18,1,-1),(18,2,-1),(18,3,-1),(18,4,-1),(18,5,-1),(18,6,-1),(18,7,-1),(18,8,-1),(18,9,-1),(18,10,-1),(19,1,-1),(19,2,-1),(19,3,-1),(19,4,-1),(19,5,-1),(19,6,-1),(19,7,-1),(19,8,-1),(19,9,-1),(19,10,-1),(20,1,-1),(20,2,-1),(20,3,-1),(20,4,-1),(20,5,-1),(20,6,-1),(20,7,-1),(20,8,-1),(20,9,-1),(20,10,-1),(21,1,-1),(21,2,-1),(21,3,-1),(21,4,-1),(21,5,-1),(21,6,-1),(21,7,-1),(21,8,-1),(21,9,-1),(21,10,-1),(22,1,-1),(22,2,-1),(22,3,-1),(22,4,-1),(22,5,-1),(22,6,-1),(22,7,-1),(22,8,-1),(22,9,-1),(22,10,-1),(23,1,-1),(23,2,-1),(23,3,-1),(23,4,-1),(23,5,-1),(23,6,-1),(23,7,-1),(23,8,-1),(23,9,-1),(23,10,-1),(24,1,-1),(24,2,40),(24,3,-1),(24,4,-1),(24,5,-1),(24,6,-1),(24,7,-1),(24,8,40),(24,9,-1),(24,10,-1),(25,1,-1),(25,2,-1),(25,3,-1),(25,4,-1),(25,5,-1),(25,6,-1),(25,7,-1),(25,8,40),(25,9,40),(25,10,-1),(26,1,-1),(26,2,-1),(26,3,-1),(26,4,-1),(26,5,-1),(26,6,-1),(26,7,-1),(26,8,40),(26,9,-1),(26,10,-1),(27,1,-1),(27,2,-1),(27,3,-1),(27,4,-1),(27,5,-1),(27,6,-1),(27,7,-1),(27,8,-1),(27,9,-1),(27,10,-1),(28,1,-1),(28,2,-1),(28,3,-1),(28,4,-1),(28,5,-1),(28,6,-1),(28,7,-1),(28,8,-1),(28,9,-1),(28,10,-1),(29,1,-1),(29,2,-1),(29,3,-1),(29,4,-1),(29,5,-1),(29,6,-1),(29,7,40),(29,8,40),(29,9,-1),(29,10,-1),(30,1,-1),(30,2,40),(30,3,-1),(30,4,-1),(30,5,-1),(30,6,-1),(30,7,-1),(30,8,40),(30,9,-1),(30,10,-1),(31,1,-1),(31,2,-1),(31,3,-1),(31,4,40),(31,5,40),(31,6,-1),(31,7,40),(31,8,-1),(31,9,-1),(31,10,-1),(32,1,40),(32,2,40),(32,3,40),(32,4,40),(32,5,40),(32,6,40),(32,7,40),(32,8,40),(32,9,40),(32,10,40),(33,1,-1),(33,2,40),(33,3,-1),(33,4,-1),(33,5,-1),(33,6,-1),(33,7,-1),(33,8,40),(33,9,40),(33,10,-1),(34,1,-1),(34,2,-1),(34,3,40),(34,4,-1),(34,5,-1),(34,6,-1),(34,7,-1),(34,8,-1),(34,9,-1),(34,10,-1),(35,1,-1),(35,2,-1),(35,3,40),(35,4,-1),(35,5,-1),(35,6,-1),(35,7,-1),(35,8,-1),(35,9,-1),(35,10,-1),(36,1,-1),(36,2,40),(36,3,-1),(36,4,-1),(36,5,-1),(36,6,-1),(36,7,-1),(36,8,-1),(36,9,-1),(36,10,-1),(37,1,40),(37,2,-1),(37,3,40),(37,4,40),(37,5,40),(37,6,40),(37,7,40),(37,8,40),(37,9,40),(37,10,40),(38,1,40),(38,2,40),(38,3,40),(38,4,40),(38,5,40),(38,6,40),(38,7,40),(38,8,40),(38,9,40),(38,10,40),(39,1,40),(39,2,40),(39,3,40),(39,4,40),(39,5,40),(39,6,40),(39,7,40),(39,8,40),(39,9,40),(39,10,40),(40,1,-1),(40,2,-1),(40,3,-1),(40,4,-1),(40,5,-1),(40,6,40),(40,7,40),(40,8,-1),(40,9,-1),(40,10,-1),(41,1,40),(41,2,40),(41,3,40),(41,4,40),(41,5,40),(41,6,40),(41,7,40),(41,8,-1),(41,9,40),(41,10,40),(42,1,-1),(42,2,-1),(42,3,-1),(42,4,-1),(42,5,-1),(42,6,40),(42,7,40),(42,8,-1),(42,9,-1),(42,10,-1),(43,1,-1),(43,2,40),(43,3,-1),(43,4,-1),(43,5,-1),(43,6,-1),(43,7,-1),(43,8,40),(43,9,-1),(43,10,-1),(44,1,40),(44,2,-1),(44,3,-1),(44,4,-1),(44,5,-1),(44,6,40),(44,7,40),(44,8,40),(44,9,-1),(44,10,40),(45,1,40),(45,2,-1),(45,3,40),(45,4,40),(45,5,40),(45,6,-1),(45,7,40),(45,8,40),(45,9,40),(45,10,40),(46,1,-1),(46,2,40),(46,3,40),(46,4,-1),(46,5,40),(46,6,40),(46,7,-1),(46,8,-1),(46,9,40),(46,10,-1),(47,1,40),(47,2,40),(47,3,40),(47,4,40),(47,5,40),(47,6,40),(47,7,40),(47,8,40),(47,9,40),(47,10,40),(48,1,40),(48,2,40),(48,3,-1),(48,4,40),(48,5,40),(48,6,-1),(48,7,40),(48,8,-1),(48,9,-1),(48,10,40),(49,1,40),(49,2,-1),(49,3,-1),(49,4,-1),(49,5,-1),(49,6,-1),(49,7,40),(49,8,-1),(49,9,-1),(49,10,-1),(50,1,-1),(50,2,-1),(50,3,-1),(50,4,-1),(50,5,-1),(50,6,-1),(50,7,-1),(50,8,-1),(50,9,-1),(50,10,-1),(51,1,-1),(51,2,-1),(51,3,40),(51,4,40),(51,5,40),(51,6,40),(51,7,-1),(51,8,-1),(51,9,-1),(51,10,40),(52,1,-1),(52,2,-1),(52,3,-1),(52,4,-1),(52,5,-1),(52,6,-1),(52,7,-1),(52,8,-1),(52,9,-1),(52,10,-1),(53,1,40),(53,2,40),(53,3,40),(53,4,40),(53,5,40),(53,6,40),(53,7,40),(53,8,40),(53,9,40),(53,10,40),(54,1,40),(54,2,40),(54,3,40),(54,4,40),(54,5,40),(54,6,40),(54,7,40),(54,8,-1),(54,9,40),(54,10,40),(55,1,40),(55,2,-1),(55,3,40),(55,4,40),(55,5,40),(55,6,40),(55,7,40),(55,8,-1),(55,9,-1),(55,10,40),(56,1,-1),(56,2,-1),(56,3,40),(56,4,40),(56,5,40),(56,6,40),(56,7,-1),(56,8,-1),(56,9,-1),(56,10,-1),(57,1,40),(57,2,40),(57,3,40),(57,4,40),(57,5,40),(57,6,40),(57,7,-1),(57,8,40),(57,9,-1),(57,10,40),(58,1,-1),(58,2,-1),(58,3,-1),(58,4,-1),(58,5,-1),(58,6,-1),(58,7,-1),(58,8,-1),(58,9,-1),(58,10,-1),(59,1,40),(59,2,-1),(59,3,-1),(59,4,40),(59,5,40),(59,6,-1),(59,7,40),(59,8,40),(59,9,40),(59,10,-1),(60,1,40),(60,2,-1),(60,3,-1),(60,4,-1),(60,5,-1),(60,6,-1),(60,7,-1),(60,8,-1),(60,9,-1),(60,10,-1),(61,1,-1),(61,2,-1),(61,3,-1),(61,4,-1),(61,5,-1),(61,6,40),(61,7,-1),(61,8,-1),(61,9,-1),(61,10,-1),(62,1,-1),(62,2,-1),(62,3,40),(62,4,40),(62,5,40),(62,6,-1),(62,7,40),(62,8,-1),(62,9,-1),(62,10,40),(63,1,40),(63,2,40),(63,3,-1),(63,4,-1),(63,5,40),(63,6,40),(63,7,40),(63,8,-1),(63,9,-1),(63,10,-1),(64,1,-1),(64,2,-1),(64,3,-1),(64,4,-1),(64,5,-1),(64,6,-1),(64,7,-1),(64,8,-1),(64,9,40),(64,10,-1),(65,1,40),(65,2,-1),(65,3,40),(65,4,40),(65,5,40),(65,6,40),(65,7,-1),(65,8,40),(65,9,40),(65,10,40),(66,1,40),(66,2,40),(66,3,40),(66,4,40),(66,5,40),(66,6,40),(66,7,40),(66,8,40),(66,9,40),(66,10,40),(67,1,-1),(67,2,-1),(67,3,-1),(67,4,-1),(67,5,-1),(67,6,40),(67,7,40),(67,8,-1),(67,9,-1),(67,10,40),(68,1,-1),(68,2,-1),(68,3,-1),(68,4,-1),(68,5,-1),(68,6,-1),(68,7,-1),(68,8,-1),(68,9,-1),(68,10,-1),(69,1,40),(69,2,-1),(69,3,40),(69,4,40),(69,5,40),(69,6,-1),(69,7,40),(69,8,40),(69,9,40),(69,10,40),(70,1,-1),(70,2,-1),(70,3,-1),(70,4,-1),(70,5,-1),(70,6,-1),(70,7,-1),(70,8,-1),(70,9,-1),(70,10,-1),(71,1,-1),(71,2,-1),(71,3,-1),(71,4,-1),(71,5,-1),(71,6,-1),(71,7,-1),(71,8,-1),(71,9,-1),(71,10,-1),(72,1,40),(72,2,-1),(72,3,40),(72,4,-1),(72,5,-1),(72,6,40),(72,7,-1),(72,8,-1),(72,9,40),(72,10,40),(73,1,-1),(73,2,-1),(73,3,-1),(73,4,-1),(73,5,-1),(73,6,-1),(73,7,-1),(73,8,-1),(73,9,-1),(73,10,-1),(74,1,-1),(74,2,-1),(74,3,-1),(74,4,-1),(74,5,-1),(74,6,-1),(74,7,40),(74,8,40),(74,9,-1),(74,10,-1),(75,1,-1),(75,2,-1),(75,3,-1),(75,4,-1),(75,5,-1),(75,6,-1),(75,7,-1),(75,8,-1),(75,9,-1),(75,10,-1),(76,1,-1),(76,2,-1),(76,3,40),(76,4,-1),(76,5,-1),(76,6,40),(76,7,-1),(76,8,-1),(76,9,-1),(76,10,40),(77,1,-1),(77,2,-1),(77,3,40),(77,4,40),(77,5,40),(77,6,-1),(77,7,40),(77,8,40),(77,9,40),(77,10,40),(78,1,-1),(78,2,40),(78,3,-1),(78,4,-1),(78,5,-1),(78,6,-1),(78,7,40),(78,8,40),(78,9,-1),(78,10,40),(79,1,-1),(79,2,40),(79,3,40),(79,4,-1),(79,5,-1),(79,6,40),(79,7,-1),(79,8,-1),(79,9,-1),(79,10,40),(80,1,40),(80,2,-1),(80,3,-1),(80,4,-1),(80,5,-1),(80,6,40),(80,7,-1),(80,8,40),(80,9,-1),(80,10,-1),(81,1,-1),(81,2,-1),(81,3,-1),(81,4,-1),(81,5,-1),(81,6,-1),(81,7,-1),(81,8,-1),(81,9,-1),(81,10,-1),(82,1,-1),(82,2,-1),(82,3,-1),(82,4,-1),(82,5,-1),(82,6,40),(82,7,40),(82,8,-1),(82,9,-1),(82,10,-1),(83,1,-1),(83,2,-1),(83,3,-1),(83,4,-1),(83,5,-1),(83,6,-1),(83,7,-1),(83,8,-1),(83,9,-1),(83,10,-1),(84,1,-1),(84,2,40),(84,3,40),(84,4,40),(84,5,40),(84,6,-1),(84,7,40),(84,8,40),(84,9,40),(84,10,40),(85,1,-1),(85,2,-1),(85,3,-1),(85,4,-1),(85,5,-1),(85,6,-1),(85,7,-1),(85,8,-1),(85,9,-1),(85,10,-1),(86,1,-1),(86,2,40),(86,3,-1),(86,4,-1),(86,5,-1),(86,6,-1),(86,7,-1),(86,8,40),(86,9,-1),(86,10,40),(87,1,40),(87,2,40),(87,3,40),(87,4,-1),(87,5,-1),(87,6,-1),(87,7,-1),(87,8,40),(87,9,-1),(87,10,-1),(88,1,-1),(88,2,-1),(88,3,40),(88,4,-1),(88,5,-1),(88,6,40),(88,7,40),(88,8,-1),(88,9,-1),(88,10,40),(89,1,-1),(89,2,-1),(89,3,40),(89,4,40),(89,5,-1),(89,6,-1),(89,7,-1),(89,8,40),(89,9,-1),(89,10,-1),(90,1,-1),(90,2,-1),(90,3,-1),(90,4,-1),(90,5,-1),(90,6,-1),(90,7,-1),(90,8,-1),(90,9,-1),(90,10,-1),(91,1,-1),(91,2,40),(91,3,-1),(91,4,-1),(91,5,-1),(91,6,-1),(91,7,-1),(91,8,40),(91,9,-1),(91,10,-1),(92,1,-1),(92,2,-1),(92,3,-1),(92,4,-1),(92,5,-1),(92,6,-1),(92,7,-1),(92,8,-1),(92,9,-1),(92,10,-1),(93,1,-1),(93,2,40),(93,3,-1),(93,4,40),(93,5,40),(93,6,-1),(93,7,-1),(93,8,-1),(93,9,-1),(93,10,-1),(94,1,-1),(94,2,-1),(94,3,-1),(94,4,-1),(94,5,-1),(94,6,-1),(94,7,-1),(94,8,40),(94,9,-1),(94,10,-1),(95,1,-1),(95,2,-1),(95,3,-1),(95,4,-1),(95,5,-1),(95,6,-1),(95,7,40),(95,8,40),(95,9,-1),(95,10,-1),(96,1,40),(96,2,40),(96,3,40),(96,4,40),(96,5,40),(96,6,-1),(96,7,-1),(96,8,40),(96,9,40),(96,10,40),(97,1,-1),(97,2,40),(97,3,40),(97,4,-1),(97,5,-1),(97,6,-1),(97,7,40),(97,8,-1),(97,9,-1),(97,10,40),(98,1,-1),(98,2,-1),(98,3,-1),(98,4,-1),(98,5,-1),(98,6,-1),(98,7,-1),(98,8,-1),(98,9,-1),(98,10,-1),(99,1,-1),(99,2,-1),(99,3,-1),(99,4,-1),(99,5,-1),(99,6,-1),(99,7,-1),(99,8,-1),(99,9,-1),(99,10,-1),(100,1,-1),(100,2,40),(100,3,-1),(100,4,-1),(100,5,-1),(100,6,-1),(100,7,40),(100,8,40),(100,9,-1),(100,10,-1),(101,1,-1),(101,2,-1),(101,3,-1),(101,4,-1),(101,5,-1),(101,6,-1),(101,7,-1),(101,8,-1),(101,9,-1),(101,10,-1),(102,1,-1),(102,2,-1),(102,3,40),(102,4,-1),(102,5,-1),(102,6,40),(102,7,-1),(102,8,40),(102,9,-1),(102,10,-1),(103,1,-1),(103,2,-1),(103,3,-1),(103,4,-1),(103,5,-1),(103,6,-1),(103,7,-1),(103,8,-1),(103,9,-1),(103,10,40),(104,1,40),(104,2,40),(104,3,-1),(104,4,-1),(104,5,-1),(104,6,40),(104,7,-1),(104,8,-1),(104,9,40),(104,10,-1),(105,1,-1),(105,2,-1),(105,3,-1),(105,4,-1),(105,5,-1),(105,6,-1),(105,7,-1),(105,8,-1),(105,9,-1),(105,10,-1),(106,1,-1),(106,2,-1),(106,3,-1),(106,4,-1),(106,5,-1),(106,6,-1),(106,7,-1),(106,8,-1),(106,9,-1),(106,10,-1),(107,1,-1),(107,2,-1),(107,3,-1),(107,4,-1),(107,5,-1),(107,6,-1),(107,7,40),(107,8,40),(107,9,-1),(107,10,-1),(108,1,-1),(108,2,-1),(108,3,-1),(108,4,-1),(108,5,-1),(108,6,-1),(108,7,40),(108,8,40),(108,9,40),(108,10,40),(109,1,-1),(109,2,-1),(109,3,-1),(109,4,-1),(109,5,-1),(109,6,-1),(109,7,40),(109,8,40),(109,9,40),(109,10,-1),(110,1,40),(110,2,-1),(110,3,40),(110,4,40),(110,5,40),(110,6,-1),(110,7,-1),(110,8,-1),(110,9,-1),(110,10,40),(111,1,-1),(111,2,40),(111,3,-1),(111,4,-1),(111,5,-1),(111,6,-1),(111,7,-1),(111,8,40),(111,9,40),(111,10,-1),(112,1,40),(112,2,-1),(112,3,-1),(112,4,-1),(112,5,-1),(112,6,-1),(112,7,40),(112,8,-1),(112,9,40),(112,10,-1),(113,1,-1),(113,2,40),(113,3,-1),(113,4,-1),(113,5,-1),(113,6,-1),(113,7,40),(113,8,40),(113,9,40),(113,10,-1),(114,1,-1),(114,2,-1),(114,3,-1),(114,4,-1),(114,5,-1),(114,6,40),(114,7,-1),(114,8,-1),(114,9,40),(114,10,40),(115,1,-1),(115,2,-1),(115,3,-1),(115,4,-1),(115,5,-1),(115,6,-1),(115,7,-1),(115,8,-1),(115,9,40),(115,10,-1),(116,1,-1),(116,2,40),(116,3,-1),(116,4,-1),(116,5,-1),(116,6,-1),(116,7,-1),(116,8,-1),(116,9,-1),(116,10,-1),(117,1,-1),(117,2,-1),(117,3,-1),(117,4,-1),(117,5,-1),(117,6,40),(117,7,-1),(117,8,-1),(117,9,40),(117,10,-1),(118,1,-1),(118,2,-1),(118,3,-1),(118,4,-1),(118,5,-1),(118,6,-1),(118,7,-1),(118,8,-1),(118,9,-1),(118,10,-1),(119,1,40),(119,2,-1),(119,3,40),(119,4,-1),(119,5,-1),(119,6,-1),(119,7,-1),(119,8,-1),(119,9,40),(119,10,-1),(120,1,-1),(120,2,-1),(120,3,-1),(120,4,-1),(120,5,-1),(120,6,-1),(120,7,-1),(120,8,-1),(120,9,-1),(120,10,-1),(121,1,-1),(121,2,40),(121,3,-1),(121,4,-1),(121,5,-1),(121,6,-1),(121,7,-1),(121,8,-1),(121,9,-1),(121,10,-1),(122,1,-1),(122,2,-1),(122,3,-1),(122,4,-1),(122,5,-1),(122,6,40),(122,7,-1),(122,8,-1),(122,9,40),(122,10,-1),(123,1,-1),(123,2,-1),(123,3,-1),(123,4,-1),(123,5,-1),(123,6,-1),(123,7,-1),(123,8,-1),(123,9,-1),(123,10,-1),(124,1,-1),(124,2,-1),(124,3,40),(124,4,40),(124,5,40),(124,6,40),(124,7,40),(124,8,-1),(124,9,-1),(124,10,40),(125,1,-1),(125,2,-1),(125,3,-1),(125,4,-1),(125,5,-1),(125,6,40),(125,7,40),(125,8,40),(125,9,40),(125,10,40),(126,1,-1),(126,2,-1),(126,3,-1),(126,4,-1),(126,5,-1),(126,6,-1),(126,7,-1),(126,8,-1),(126,9,-1),(126,10,-1),(127,1,40),(127,2,-1),(127,3,-1),(127,4,-1),(127,5,-1),(127,6,40),(127,7,40),(127,8,-1),(127,9,-1),(127,10,40),(128,1,-1),(128,2,-1),(128,3,-1),(128,4,-1),(128,5,-1),(128,6,-1),(128,7,-1),(128,8,-1),(128,9,-1),(128,10,-1),(129,1,-1),(129,2,-1),(129,3,-1),(129,4,-1),(129,5,-1),(129,6,-1),(129,7,-1),(129,8,-1),(129,9,-1),(129,10,-1),(130,1,40),(130,2,-1),(130,3,-1),(130,4,-1),(130,5,-1),(130,6,-1),(130,7,-1),(130,8,-1),(130,9,-1),(130,10,-1),(131,1,40),(131,2,40),(131,3,40),(131,4,40),(131,5,40),(131,6,40),(131,7,40),(131,8,40),(131,9,40),(131,10,40),(132,1,40),(132,2,-1),(132,3,-1),(132,4,-1),(132,5,-1),(132,6,-1),(132,7,40),(132,8,40),(132,9,-1),(132,10,-1),(133,1,-1),(133,2,-1),(133,3,-1),(133,4,-1),(133,5,-1),(133,6,-1),(133,7,-1),(133,8,-1),(133,9,-1),(133,10,-1),(134,1,-1),(134,2,-1),(134,3,-1),(134,4,-1),(134,5,-1),(134,6,40),(134,7,-1),(134,8,-1),(134,9,40),(134,10,40),(135,1,40),(135,2,40),(135,3,40),(135,4,40),(135,5,40),(135,6,-1),(135,7,40),(135,8,-1),(135,9,-1),(135,10,-1),(136,1,40),(136,2,40),(136,3,40),(136,4,-1),(136,5,-1),(136,6,-1),(136,7,40),(136,8,40),(136,9,-1),(136,10,40),(137,1,40),(137,2,40),(137,3,40),(137,4,40),(137,5,40),(137,6,40),(137,7,40),(137,8,40),(137,9,40),(137,10,40),(138,1,40),(138,2,40),(138,3,40),(138,4,40),(138,5,40),(138,6,40),(138,7,40),(138,8,40),(138,9,40),(138,10,40),(139,1,40),(139,2,40),(139,3,40),(139,4,40),(139,5,40),(139,6,40),(139,7,40),(139,8,40),(139,9,40),(139,10,40),(140,1,40),(140,2,40),(140,3,40),(140,4,40),(140,5,40),(140,6,40),(140,7,-1),(140,8,40),(140,9,40),(140,10,40),(141,1,-1),(141,2,-1),(141,3,-1),(141,4,-1),(141,5,40),(141,6,40),(141,7,40),(141,8,40),(141,9,-1),(141,10,40),(142,1,-1),(142,2,-1),(142,3,-1),(142,4,-1),(142,5,-1),(142,6,-1),(142,7,40),(142,8,40),(142,9,-1),(142,10,-1),(143,1,40),(143,2,40),(143,3,-1),(143,4,-1),(143,5,-1),(143,6,-1),(143,7,40),(143,8,-1),(143,9,-1),(143,10,40),(144,1,40),(144,2,-1),(144,3,-1),(144,4,-1),(144,5,40),(144,6,40),(144,7,40),(144,8,-1),(144,9,-1),(144,10,-1),(145,1,40),(145,2,40),(145,3,-1),(145,4,40),(145,5,-1),(145,6,40),(145,7,40),(145,8,40),(145,9,40),(145,10,40),(146,1,-1),(146,2,-1),(146,3,40),(146,4,40),(146,5,40),(146,6,40),(146,7,40),(146,8,-1),(146,9,-1),(146,10,40),(147,1,-1),(147,2,-1),(147,3,40),(147,4,40),(147,5,40),(147,6,40),(147,7,-1),(147,8,-1),(147,9,-1),(147,10,-1),(148,1,-1),(148,2,40),(148,3,-1),(148,4,-1),(148,5,-1),(148,6,40),(148,7,40),(148,8,40),(148,9,40),(148,10,40),(149,1,-1),(149,2,-1),(149,3,-1),(149,4,-1),(149,5,-1),(149,6,-1),(149,7,-1),(149,8,40),(149,9,-1),(149,10,-1),(150,1,-1),(150,2,-1),(150,3,-1),(150,4,-1),(150,5,-1),(150,6,-1),(150,7,-1),(150,8,-1),(150,9,-1),(150,10,-1),(151,1,40),(151,2,-1),(151,3,-1),(151,4,-1),(151,5,-1),(151,6,-1),(151,7,-1),(151,8,-1),(151,9,-1),(151,10,-1),(152,1,40),(152,2,-1),(152,3,-1),(152,4,-1),(152,5,40),(152,6,40),(152,7,-1),(152,8,-1),(152,9,-1),(152,10,-1),(153,1,-1),(153,2,-1),(153,3,-1),(153,4,-1),(153,5,-1),(153,6,40),(153,7,-1),(153,8,-1),(153,9,-1),(153,10,-1),(154,1,40),(154,2,-1),(154,3,-1),(154,4,40),(154,5,40),(154,6,40),(154,7,-1),(154,8,40),(154,9,-1),(154,10,40),(155,1,-1),(155,2,-1),(155,3,-1),(155,4,-1),(155,5,-1),(155,6,-1),(155,7,40),(155,8,-1),(155,9,-1),(155,10,40),(156,1,-1),(156,2,-1),(156,3,-1),(156,4,40),(156,5,-1),(156,6,-1),(156,7,-1),(156,8,-1),(156,9,40),(156,10,-1),(157,1,-1),(157,2,-1),(157,3,-1),(157,4,-1),(157,5,-1),(157,6,40),(157,7,-1),(157,8,-1),(157,9,-1),(157,10,-1),(158,1,-1),(158,2,40),(158,3,-1),(158,4,-1),(158,5,-1),(158,6,-1),(158,7,40),(158,8,40),(158,9,40),(158,10,-1),(159,1,40),(159,2,-1),(159,3,-1),(159,4,-1),(159,5,40),(159,6,-1),(159,7,-1),(159,8,-1),(159,9,-1),(159,10,-1),(160,1,-1),(160,2,-1),(160,3,-1),(160,4,-1),(160,5,-1),(160,6,-1),(160,7,-1),(160,8,-1),(160,9,-1),(160,10,-1),(161,1,-1),(161,2,40),(161,3,-1),(161,4,-1),(161,5,-1),(161,6,40),(161,7,40),(161,8,-1),(161,9,40),(161,10,-1),(162,1,40),(162,2,-1),(162,3,40),(162,4,40),(162,5,40),(162,6,40),(162,7,40),(162,8,40),(162,9,40),(162,10,40),(163,1,-1),(163,2,-1),(163,3,-1),(163,4,-1),(163,5,-1),(163,6,-1),(163,7,-1),(163,8,-1),(163,9,-1),(163,10,-1),(164,1,-1),(164,2,40),(164,3,-1),(164,4,-1),(164,5,-1),(164,6,-1),(164,7,40),(164,8,-1),(164,9,-1),(164,10,-1),(165,1,-1),(165,2,-1),(165,3,-1),(165,4,-1),(165,5,-1),(165,6,-1),(165,7,-1),(165,8,-1),(165,9,-1),(165,10,-1),(166,1,40),(166,2,-1),(166,3,-1),(166,4,40),(166,5,-1),(166,6,40),(166,7,40),(166,8,40),(166,9,40),(166,10,-1),(167,1,-1),(167,2,-1),(167,3,-1),(167,4,-1),(167,5,-1),(167,6,-1),(167,7,40),(167,8,40),(167,9,40),(167,10,-1),(168,1,40),(168,2,-1),(168,3,-1),(168,4,40),(168,5,40),(168,6,-1),(168,7,-1),(168,8,-1),(168,9,-1),(168,10,-1),(169,1,-1),(169,2,40),(169,3,40),(169,4,-1),(169,5,-1),(169,6,40),(169,7,40),(169,8,-1),(169,9,-1),(169,10,-1),(170,1,40),(170,2,40),(170,3,40),(170,4,40),(170,5,40),(170,6,40),(170,7,40),(170,8,40),(170,9,40),(170,10,40),(171,1,-1),(171,2,-1),(171,3,-1),(171,4,-1),(171,5,-1),(171,6,-1),(171,7,-1),(171,8,-1),(171,9,-1),(171,10,-1),(172,1,-1),(172,2,-1),(172,3,-1),(172,4,-1),(172,5,-1),(172,6,40),(172,7,40),(172,8,-1),(172,9,-1),(172,10,-1),(173,1,-1),(173,2,-1),(173,3,-1),(173,4,-1),(173,5,-1),(173,6,40),(173,7,40),(173,8,-1),(173,9,-1),(173,10,40),(174,1,40),(174,2,40),(174,3,-1),(174,4,-1),(174,5,-1),(174,6,-1),(174,7,-1),(174,8,40),(174,9,40),(174,10,-1);
/*!40000 ALTER TABLE `areas_respuestas` ENABLE KEYS */;
UNLOCK TABLES;

--
-- Table structure for table `comentarios`
--

DROP TABLE IF EXISTS `comentarios`;
/*!40101 SET @saved_cs_client     = @@character_set_client */;
/*!40101 SET character_set_client = utf8 */;
CREATE TABLE `comentarios` (
  `folio_id` int(11) DEFAULT NULL,
  `comentario` text
) ENGINE=InnoDB DEFAULT CHARSET=utf8;
/*!40101 SET character_set_client = @saved_cs_client */;

--
-- Dumping data for table `comentarios`
--

LOCK TABLES `comentarios` WRITE;
/*!40000 ALTER TABLE `comentarios` DISABLE KEYS */;
INSERT INTO `comentarios` VALUES (1,'Considero que sí tal vez ésta empresa no está al 100% pero se esfuerza y busca mejorar.'),(2,''),(3,''),(4,''),(5,''),(6,'Mejor trato del supervisor'),(7,''),(8,''),(9,''),(10,''),(11,''),(12,''),(13,''),(14,''),(15,''),(16,''),(17,''),(18,''),(19,''),(20,''),(21,''),(22,'Me gusta mi trabajo.'),(23,''),(24,''),(25,''),(26,''),(27,''),(28,''),(29,''),(30,''),(31,''),(32,''),(33,''),(34,'Ninguno'),(35,''),(36,''),(37,'Mejorar para estar todos contentos tanto como la empresa y el obrero.'),(38,''),(39,''),(40,''),(41,''),(42,''),(43,''),(44,''),(45,''),(46,''),(47,''),(48,''),(49,''),(50,''),(51,''),(52,''),(53,''),(54,''),(55,''),(56,''),(57,''),(58,''),(59,''),(60,''),(61,''),(62,''),(63,''),(64,''),(65,''),(66,''),(67,''),(68,''),(69,''),(70,'Ninguno'),(71,''),(72,''),(73,''),(74,''),(75,''),(76,'Falta personal y más atención para dar la respuesta que se solicita en todos los departamentos.'),(77,''),(78,'Producción no está comprometida con mejoras para su departamento solo está enfocado en embarcar.'),(79,''),(80,''),(81,''),(82,''),(83,''),(84,'Mantenimiento tarda mucho en realizar sus trabajos.'),(85,''),(86,''),(87,'Falta mejor comunicación entre departamentos'),(88,''),(89,''),(90,''),(91,''),(92,''),(93,''),(94,''),(95,''),(96,''),(97,''),(98,''),(99,'Calidad- su lider (gerente) tiene que esforzarse más.  Producción- necesita mpas apoyo de todos en general. '),(100,''),(101,''),(102,''),(103,''),(104,''),(105,''),(106,'Son buenos departamentos nunca he tenido inconveniente con ellos.'),(107,''),(108,''),(109,''),(110,'Deberían mejorar muchos aspectos y que atiendan mejor a uno.'),(111,''),(112,''),(113,''),(114,''),(115,''),(116,''),(117,''),(118,''),(119,''),(120,''),(121,''),(122,''),(123,''),(124,''),(125,''),(126,''),(127,''),(128,''),(129,''),(130,''),(131,''),(132,''),(133,''),(134,''),(135,''),(136,''),(137,''),(138,'No califican para nosotros.'),(139,''),(140,''),(141,''),(142,''),(143,''),(144,''),(145,''),(146,''),(147,''),(148,'Los jefes muy prepotentes siempre quieren tener la razón.'),(149,''),(150,''),(151,'Los jefes son muy prepotentes cuando cometes errores.'),(152,'Los jefes mas altos en rango son muy prepotentes.'),(153,''),(154,''),(155,''),(156,''),(157,''),(158,'Los ingenieros no están totalmente capacitados y en en ocasiones el trabajo se hecha a perder por sus malas decisiones.'),(159,'Ingenieros no están capacitados para resolver dudas y problemas del proceso. '),(160,''),(161,''),(162,''),(163,''),(164,''),(165,''),(166,''),(167,''),(168,'Deben mejorar todo.'),(169,''),(170,''),(171,'Está muy bien.'),(172,''),(173,'El sistema siempre falla.');
/*!40000 ALTER TABLE `comentarios` ENABLE KEYS */;
UNLOCK TABLES;

--
-- Table structure for table `empresa`
--

DROP TABLE IF EXISTS `empresa`;
/*!40101 SET @saved_cs_client     = @@character_set_client */;
/*!40101 SET character_set_client = utf8 */;
CREATE TABLE `empresa` (
  `id` int(11) NOT NULL,
  `nombre` varchar(255) DEFAULT NULL,
  `year` int(11) DEFAULT NULL,
  `escala` int(11) DEFAULT NULL,
  `num_reactivos` int(11) DEFAULT NULL,
  `num_generales` int(11) DEFAULT NULL,
  `num_servicios` int(11) DEFAULT NULL,
  `num_areas` int(11) DEFAULT NULL,
  `lideres` int(11) DEFAULT NULL,
  `comentarios` int(11) DEFAULT NULL,
  `num_otras` int(11) DEFAULT NULL,
  PRIMARY KEY (`id`)
) ENGINE=InnoDB DEFAULT CHARSET=utf8;
/*!40101 SET character_set_client = @saved_cs_client */;

--
-- Dumping data for table `empresa`
--

LOCK TABLES `empresa` WRITE;
/*!40000 ALTER TABLE `empresa` DISABLE KEYS */;
INSERT INTO `empresa` VALUES (5,'MecanismosMat',2019,2,83,6,6,10,1,1,NULL);
/*!40000 ALTER TABLE `empresa` ENABLE KEYS */;
UNLOCK TABLES;

--
-- Table structure for table `generales`
--

DROP TABLE IF EXISTS `generales`;
/*!40101 SET @saved_cs_client     = @@character_set_client */;
/*!40101 SET character_set_client = utf8 */;
CREATE TABLE `generales` (
  `id` int(11) NOT NULL AUTO_INCREMENT,
  `nombre` varchar(255) DEFAULT NULL,
  PRIMARY KEY (`id`)
) ENGINE=InnoDB AUTO_INCREMENT=7 DEFAULT CHARSET=utf8;
/*!40101 SET character_set_client = @saved_cs_client */;

--
-- Dumping data for table `generales`
--

LOCK TABLES `generales` WRITE;
/*!40000 ALTER TABLE `generales` DISABLE KEYS */;
INSERT INTO `generales` VALUES (1,'Planta'),(2,'Edad'),(3,'Antiguedad'),(4,'Nivel Academico'),(5,'Estado Civil'),(6,'Genero');
/*!40000 ALTER TABLE `generales` ENABLE KEYS */;
UNLOCK TABLES;

--
-- Table structure for table `generales_respuestas`
--

DROP TABLE IF EXISTS `generales_respuestas`;
/*!40101 SET @saved_cs_client     = @@character_set_client */;
/*!40101 SET character_set_client = utf8 */;
CREATE TABLE `generales_respuestas` (
  `folio_id` int(11) DEFAULT NULL,
  `general_id` int(11) DEFAULT NULL,
  `respuesta` varchar(255) DEFAULT NULL
) ENGINE=InnoDB DEFAULT CHARSET=utf8;
/*!40101 SET character_set_client = @saved_cs_client */;

--
-- Dumping data for table `generales_respuestas`
--

LOCK TABLES `generales_respuestas` WRITE;
/*!40000 ALTER TABLE `generales_respuestas` DISABLE KEYS */;
INSERT INTO `generales_respuestas` VALUES (1,1,'1'),(1,2,'50 en adelante'),(1,3,'10 años en adelante'),(1,4,'Preparatoria'),(1,5,'Soltero(a)'),(1,6,'Femenino'),(2,1,'1'),(2,2,'20 a 29 años'),(2,3,'1 a 5 años'),(2,4,'Preparatoria'),(2,5,'Casado(a)'),(2,6,'Femenino'),(3,1,'1'),(3,2,'20 a 29 años'),(3,3,'1 a 5 años'),(3,4,'Secundaria'),(3,5,'Divorciado/Separado'),(3,6,'Femenino'),(4,1,'1'),(4,2,'20 a 29 años'),(4,3,'1 a 5 años'),(4,4,'Secundaria'),(4,5,'Unión Libre'),(4,6,'Femenino'),(5,1,'1'),(5,2,'30 a 39 años'),(5,3,'1 a 5 años'),(5,4,'Secundaria'),(5,5,'Unión Libre'),(5,6,'Femenino'),(6,1,'1'),(6,2,'30 a 39 años'),(6,3,'1 a 5 años'),(6,4,'Preparatoria'),(6,5,'Casado(a)'),(6,6,'Femenino'),(7,1,'1'),(7,2,'30 a 39 años'),(7,3,'1 a 5 años'),(7,4,'Secundaria'),(7,5,'Divorciado/Separado'),(7,6,'Femenino'),(8,1,'1'),(8,2,'30 a 39 años'),(8,3,'Menos de 1 año'),(8,4,'Secundaria'),(8,5,'Divorciado/Separado'),(8,6,'Femenino'),(9,1,'1'),(9,2,'20 a 29 años'),(9,3,'Menos de 1 año'),(9,4,'Preparatoria'),(9,5,'Casado(a)'),(9,6,'Masculino'),(10,1,'1'),(10,2,'20 a 29 años'),(10,3,'1 a 5 años'),(10,4,'Secundaria'),(10,5,'Soltero(a)'),(10,6,'Masculino'),(11,1,'1'),(11,2,'30 a 39 años'),(11,3,'1 a 5 años'),(11,4,'Secundaria'),(11,5,'Unión Libre'),(11,6,'Femenino'),(12,1,'1'),(12,2,'40 a 49 años'),(12,3,'5 a 10 años'),(12,4,'Secundaria'),(12,5,'Unión Libre'),(12,6,'Femenino'),(13,1,'1'),(13,2,'30 a 39 años'),(13,3,'1 a 5 años'),(13,4,'Secundaria'),(13,5,'Divorciado/Separado'),(13,6,'Femenino'),(14,1,'1'),(14,2,'40 a 49 años'),(14,3,'1 a 5 años'),(14,4,'Preparatoria'),(14,5,'Casado(a)'),(14,6,'Femenino'),(15,1,'1'),(15,2,'20 a 29 años'),(15,3,'Menos de 1 año'),(15,4,'Preparatoria'),(15,5,'Soltero(a)'),(15,6,'Femenino'),(16,1,'1'),(16,2,'20 a 29 años'),(16,3,'Menos de 1 año'),(16,4,'Preparatoria'),(16,5,'Divorciado/Separado'),(16,6,'Femenino'),(17,1,'1'),(17,2,'20 a 29 años'),(17,3,'1 a 5 años'),(17,4,'Profesional'),(17,5,'Soltero(a)'),(17,6,'Femenino'),(18,1,'1'),(18,2,'20 a 29 años'),(18,3,'Menos de 1 año'),(18,4,'Secundaria'),(18,5,'Soltero(a)'),(18,6,'Femenino'),(19,1,'1'),(19,2,'30 a 39 años'),(19,3,'1 a 5 años'),(19,4,'Secundaria'),(19,5,'Casado(a)'),(19,6,'Masculino'),(20,1,'1'),(20,2,'30 a 39 años'),(20,3,'Menos de 1 año'),(20,4,'Preparatoria'),(20,5,'Casado(a)'),(20,6,'Femenino'),(21,1,'1'),(21,2,'50 en adelante'),(21,3,'1 a 5 años'),(21,4,'Preparatoria'),(21,5,'Casado(a)'),(21,6,'Femenino'),(22,1,'1'),(22,2,'Menos de 20 años'),(22,3,'Menos de 1 año'),(22,4,'Preparatoria'),(22,5,'Soltero(a)'),(22,6,'Femenino'),(23,1,'1'),(23,2,'50 en adelante'),(23,3,'10 años en adelante'),(23,4,'Secundaria'),(23,5,'Unión Libre'),(23,6,'Femenino'),(24,1,'1'),(24,2,'40 a 49 años'),(24,3,'Menos de 1 año'),(24,4,'Secundaria'),(24,5,'Unión Libre'),(24,6,'Femenino'),(25,1,'1'),(25,2,'40 a 49 años'),(25,3,'10 años en adelante'),(25,4,'Secundaria'),(25,5,'Casado(a)'),(25,6,'Femenino'),(26,1,'1'),(26,2,'20 a 29 años'),(26,3,'Menos de 1 año'),(26,4,'Secundaria'),(26,5,'Unión Libre'),(26,6,'Femenino'),(27,1,'1'),(27,2,'40 a 49 años'),(27,3,'5 a 10 años'),(27,4,'Secundaria'),(27,5,'Soltero(a)'),(27,6,'Femenino'),(28,1,'1'),(28,2,'30 a 39 años'),(28,3,'1 a 5 años'),(28,4,'Secundaria'),(28,5,'Unión Libre'),(28,6,'Femenino'),(29,1,'1'),(29,2,'30 a 39 años'),(29,3,'10 años en adelante'),(29,4,'Secundaria'),(29,5,'Unión Libre'),(29,6,'Femenino'),(30,1,'1'),(30,2,'20 a 29 años'),(30,3,'1 a 5 años'),(30,4,'Profesional'),(30,5,'Casado(a)'),(30,6,'Femenino'),(31,1,'1'),(31,2,'30 a 39 años'),(31,3,'1 a 5 años'),(31,4,'Carrera Técnica'),(31,5,'Unión Libre'),(31,6,'Masculino'),(32,1,'1'),(32,2,'50 en adelante'),(32,3,'10 años en adelante'),(32,4,'Primaria'),(32,5,'Casado(a)'),(32,6,'Femenino'),(33,1,'1'),(33,2,'20 a 29 años'),(33,3,'Menos de 1 año'),(33,4,'Preparatoria'),(33,5,'Unión Libre'),(33,6,'Femenino'),(34,1,'1'),(34,2,'Menos de 20 años'),(34,3,'Menos de 1 año'),(34,4,'Carrera Técnica'),(34,5,'Unión Libre'),(34,6,'Femenino'),(35,1,'1'),(35,2,'50 en adelante'),(35,3,'1 a 5 años'),(35,4,'Primaria'),(35,5,'Unión Libre'),(35,6,'Femenino'),(36,1,'1'),(36,2,'40 a 49 años'),(36,3,'10 años en adelante'),(36,4,'Secundaria'),(36,5,'Soltero(a)'),(36,6,'Femenino'),(37,1,'1'),(37,2,'50 en adelante'),(37,3,'5 a 10 años'),(37,4,'Secundaria'),(37,5,'Casado(a)'),(37,6,'Masculino'),(38,1,'1'),(38,2,'30 a 39 años'),(38,3,'10 años en adelante'),(38,4,'Secundaria'),(38,5,'Casado(a)'),(38,6,'Femenino'),(39,1,'1'),(39,2,'30 a 39 años'),(39,3,'5 a 10 años'),(39,4,'Preparatoria'),(39,5,'Unión Libre'),(39,6,'Femenino'),(40,1,'1'),(40,2,'50 en adelante'),(40,3,'Menos de 1 año'),(40,4,'Primaria'),(40,5,'Soltero(a)'),(40,6,'Femenino'),(41,1,'1'),(41,2,'Menos de 20 años'),(41,3,'Menos de 1 año'),(41,4,'Preparatoria'),(41,5,'Soltero(a)'),(41,6,'Femenino'),(42,1,'1'),(42,2,'30 a 39 años'),(42,3,'5 a 10 años'),(42,4,'Preparatoria'),(42,5,'Unión Libre'),(42,6,'Femenino'),(43,1,'1'),(43,2,'20 a 29 años'),(43,3,'Menos de 1 año'),(43,4,'Secundaria'),(43,5,'Casado(a)'),(43,6,'Femenino'),(44,1,'1'),(44,2,'30 a 39 años'),(44,3,'1 a 5 años'),(44,4,'Primaria'),(44,5,'Unión Libre'),(44,6,'Femenino'),(45,1,'1'),(45,2,'20 a 29 años'),(45,3,'1 a 5 años'),(45,4,'Secundaria'),(45,5,'Casado(a)'),(45,6,'Femenino'),(46,1,'1'),(46,2,'30 a 39 años'),(46,3,'5 a 10 años'),(46,4,'Secundaria'),(46,5,'Unión Libre'),(46,6,'Femenino'),(47,1,'1'),(47,2,'20 a 29 años'),(47,3,'1 a 5 años'),(47,4,'Preparatoria'),(47,5,'Soltero(a)'),(47,6,'Femenino'),(48,1,'1'),(48,2,'20 a 29 años'),(48,3,'1 a 5 años'),(48,4,'Secundaria'),(48,5,'Casado(a)'),(48,6,'Femenino'),(49,1,'1'),(49,2,'20 a 29 años'),(49,3,'1 a 5 años'),(49,4,'Preparatoria'),(49,5,'Casado(a)'),(49,6,'Masculino'),(50,1,'1'),(50,2,'20 a 29 años'),(50,3,'Menos de 1 año'),(50,4,'Preparatoria'),(50,5,'Soltero(a)'),(50,6,'Masculino'),(51,1,'1'),(51,2,'40 a 49 años'),(51,3,'10 años en adelante'),(51,4,'Secundaria'),(51,5,'Soltero(a)'),(51,6,'Femenino'),(52,1,'1'),(52,2,'20 a 29 años'),(52,3,'1 a 5 años'),(52,4,'Preparatoria'),(52,5,'Soltero(a)'),(52,6,'Femenino'),(53,1,'1'),(53,2,'40 a 49 años'),(53,3,'1 a 5 años'),(53,4,'Secundaria'),(53,5,'Unión Libre'),(53,6,'Femenino'),(54,1,'1'),(54,2,'20 a 29 años'),(54,3,'1 a 5 años'),(54,4,'Carrera Técnica'),(54,5,'Soltero(a)'),(54,6,'Femenino'),(55,1,'1'),(55,2,'30 a 39 años'),(55,3,'Menos de 1 año'),(55,4,'Secundaria'),(55,5,'Unión Libre'),(55,6,'Femenino'),(56,1,'1'),(56,2,'30 a 39 años'),(56,3,'1 a 5 años'),(56,4,'Preparatoria'),(56,5,'Divorciado/Separado'),(56,6,'Femenino'),(57,1,'1'),(57,2,'20 a 29 años'),(57,3,'Menos de 1 año'),(57,4,'Profesional'),(57,5,'Soltero(a)'),(57,6,'Femenino'),(58,1,'1'),(58,2,'30 a 39 años'),(58,3,'Menos de 1 año'),(58,4,'Secundaria'),(58,5,'Divorciado/Separado'),(58,6,'Femenino'),(59,1,'1'),(59,2,'20 a 29 años'),(59,3,'1 a 5 años'),(59,4,'Preparatoria'),(59,5,'Unión Libre'),(59,6,'Femenino'),(60,1,'1'),(60,2,'40 a 49 años'),(60,3,'10 años en adelante'),(60,4,'Profesional'),(60,5,'Casado(a)'),(60,6,'Femenino'),(61,1,'1'),(61,2,'20 a 29 años'),(61,3,'1 a 5 años'),(61,4,'Preparatoria'),(61,5,'Divorciado/Separado'),(61,6,'Femenino'),(62,1,'1'),(62,2,'20 a 29 años'),(62,3,'1 a 5 años'),(62,4,'Preparatoria'),(62,5,'Soltero(a)'),(62,6,'Femenino'),(63,1,'1'),(63,2,'Menos de 20 años'),(63,3,'1 a 5 años'),(63,4,'Secundaria'),(63,5,'Casado(a)'),(63,6,'Femenino'),(64,1,'1'),(64,2,'30 a 39 años'),(64,3,'5 a 10 años'),(64,4,'Preparatoria'),(64,5,'Unión Libre'),(64,6,'Femenino'),(65,1,'1'),(65,2,'40 a 49 años'),(65,3,'5 a 10 años'),(65,4,'Preparatoria'),(65,5,'Casado(a)'),(65,6,'Femenino'),(66,1,'1'),(66,2,'30 a 39 años'),(66,3,'1 a 5 años'),(66,4,'Preparatoria'),(66,5,'Divorciado/Separado'),(66,6,'Femenino'),(67,1,'1'),(67,2,'40 a 49 años'),(67,3,'1 a 5 años'),(67,4,'Secundaria'),(67,5,'Casado(a)'),(67,6,'Femenino'),(68,1,'1'),(68,2,'50 en adelante'),(68,3,'5 a 10 años'),(68,4,'Secundaria'),(68,5,'Casado(a)'),(68,6,'Femenino'),(69,1,'1'),(69,2,'20 a 29 años'),(69,3,'10 años en adelante'),(69,4,'Secundaria'),(69,5,'Casado(a)'),(69,6,'Femenino'),(70,1,'1'),(70,2,'20 a 29 años'),(70,3,'1 a 5 años'),(70,4,'Profesional'),(70,5,'Soltero(a)'),(70,6,'Masculino'),(71,1,'1'),(71,2,'30 a 39 años'),(71,3,'1 a 5 años'),(71,4,'Profesional'),(71,5,'Casado(a)'),(71,6,'Femenino'),(72,1,'1'),(72,2,'20 a 29 años'),(72,3,'1 a 5 años'),(72,4,'Profesional'),(72,5,'Soltero(a)'),(72,6,'Masculino'),(73,1,'1'),(73,2,'40 a 49 años'),(73,3,'1 a 5 años'),(73,4,'Profesional'),(73,5,'Casado(a)'),(73,6,'Masculino'),(74,1,'1'),(74,2,'20 a 29 años'),(74,3,'Menos de 1 año'),(74,4,'Profesional'),(74,5,'Unión Libre'),(74,6,'Masculino'),(75,1,'1'),(75,2,'20 a 29 años'),(75,3,'1 a 5 años'),(75,4,'Profesional'),(75,5,'Soltero(a)'),(75,6,'Masculino'),(76,1,'1'),(76,2,'40 a 49 años'),(76,3,'1 a 5 años'),(76,4,'Profesional'),(76,5,'Soltero(a)'),(76,6,'Femenino'),(77,1,'1'),(77,2,'30 a 39 años'),(77,3,'5 a 10 años'),(77,4,'Profesional'),(77,5,'Unión Libre'),(77,6,'Masculino'),(78,1,'1'),(78,2,'30 a 39 años'),(78,3,'1 a 5 años'),(78,4,'Profesional'),(78,5,'Casado(a)'),(78,6,'Masculino'),(79,1,'1'),(79,2,'40 a 49 años'),(79,3,'1 a 5 años'),(79,4,'Profesional'),(79,5,'Divorciado/Separado'),(79,6,'Masculino'),(80,1,'1'),(80,2,'20 a 29 años'),(80,3,'1 a 5 años'),(80,4,'Preparatoria'),(80,5,'Soltero(a)'),(80,6,'Femenino'),(81,1,'1'),(81,2,'40 a 49 años'),(81,3,'1 a 5 años'),(81,4,'Secundaria'),(81,5,'Casado(a)'),(81,6,'Femenino'),(82,1,'1'),(82,2,'20 a 29 años'),(82,3,'10 años en adelante'),(82,4,'Secundaria'),(82,5,'Unión Libre'),(82,6,'Femenino'),(83,1,'1'),(83,2,'20 a 29 años'),(83,3,'Menos de 1 año'),(83,4,'Carrera Técnica'),(83,5,'Soltero(a)'),(83,6,'Femenino'),(84,1,'1'),(84,2,'30 a 39 años'),(84,3,'5 a 10 años'),(84,4,'Preparatoria'),(84,5,'Unión Libre'),(84,6,'Femenino'),(85,1,'1'),(85,2,'30 a 39 años'),(85,3,'1 a 5 años'),(85,4,'Profesional'),(85,5,'Soltero(a)'),(85,6,'Femenino'),(86,1,'1'),(86,2,'50 en adelante'),(86,3,'10 años en adelante'),(86,4,'Profesional'),(86,5,'Divorciado/Separado'),(86,6,'Femenino'),(87,1,'1'),(87,2,'30 a 39 años'),(87,3,'5 a 10 años'),(87,4,'Profesional'),(87,5,'Soltero(a)'),(87,6,'Femenino'),(88,1,'1'),(88,2,'40 a 49 años'),(88,3,'10 años en adelante'),(88,4,'Secundaria'),(88,5,'Casado(a)'),(88,6,'Femenino'),(89,1,'1'),(89,2,'30 a 39 años'),(89,3,'1 a 5 años'),(89,4,'Profesional'),(89,5,'Soltero(a)'),(89,6,'Femenino'),(90,1,'1'),(90,2,'40 a 49 años'),(90,3,'Menos de 1 año'),(90,4,'Carrera Técnica'),(90,5,'Casado(a)'),(90,6,'Masculino'),(91,1,'1'),(91,2,'40 a 49 años'),(91,3,'5 a 10 años'),(91,4,'Profesional'),(91,5,'Casado(a)'),(91,6,'Femenino'),(92,1,'1'),(92,2,'40 a 49 años'),(92,3,'Menos de 1 año'),(92,4,'Profesional'),(92,5,'Soltero(a)'),(92,6,'Masculino'),(93,1,'1'),(93,2,'30 a 39 años'),(93,3,'5 a 10 años'),(93,4,'Profesional'),(93,5,'Casado(a)'),(93,6,'Femenino'),(94,1,'1'),(94,2,'40 a 49 años'),(94,3,'10 años en adelante'),(94,4,'Profesional'),(94,5,'Casado(a)'),(94,6,'Masculino'),(95,1,'1'),(95,2,'30 a 39 años'),(95,3,'10 años en adelante'),(95,4,'Profesional'),(95,5,'Casado(a)'),(95,6,'Masculino'),(96,1,'1'),(96,2,'40 a 49 años'),(96,3,'10 años en adelante'),(96,4,'Profesional'),(96,5,'Casado(a)'),(96,6,'Masculino'),(97,1,'1'),(97,2,'20 a 29 años'),(97,3,'1 a 5 años'),(97,4,'Profesional'),(97,5,'Soltero(a)'),(97,6,'Masculino'),(98,1,'1'),(98,2,'30 a 39 años'),(98,3,'1 a 5 años'),(98,4,'Profesional'),(98,5,'Casado(a)'),(98,6,'Masculino'),(99,1,'1'),(99,2,'30 a 39 años'),(99,3,'10 años en adelante'),(99,4,'Profesional'),(99,5,'Casado(a)'),(99,6,'Femenino'),(100,1,'1'),(100,2,'40 a 49 años'),(100,3,'1 a 5 años'),(100,4,'Profesional'),(100,5,'Casado(a)'),(100,6,'Masculino'),(101,1,'1'),(101,2,'50 en adelante'),(101,3,'5 a 10 años'),(101,4,'Profesional'),(101,5,'Soltero(a)'),(101,6,'Femenino'),(102,1,'1'),(102,2,'40 a 49 años'),(102,3,'10 años en adelante'),(102,4,'Profesional'),(102,5,'Casado(a)'),(102,6,'Masculino'),(103,1,'1'),(103,2,'50 en adelante'),(103,3,'10 años en adelante'),(103,4,'Profesional'),(103,5,'Soltero(a)'),(103,6,'Masculino'),(104,1,'1'),(104,2,'30 a 39 años'),(104,3,'Menos de 1 año'),(104,4,'Profesional'),(104,5,'Unión Libre'),(104,6,'Femenino'),(105,1,'1'),(105,2,'50 en adelante'),(105,3,'10 años en adelante'),(105,4,'Secundaria'),(105,5,'Casado(a)'),(105,6,'Femenino'),(106,1,'1'),(106,2,'20 a 29 años'),(106,3,'1 a 5 años'),(106,4,'Profesional'),(106,5,'Soltero(a)'),(106,6,'Femenino'),(107,1,'1'),(107,2,'30 a 39 años'),(107,3,'1 a 5 años'),(107,4,'Preparatoria'),(107,5,'Divorciado/Separado'),(107,6,'Femenino'),(108,1,'1'),(108,2,'20 a 29 años'),(108,3,'1 a 5 años'),(108,4,'Secundaria'),(108,5,'Divorciado/Separado'),(108,6,'Femenino'),(109,1,'1'),(109,2,'30 a 39 años'),(109,3,'5 a 10 años'),(109,4,'Secundaria'),(109,5,'Casado(a)'),(109,6,'Masculino'),(110,1,'1'),(110,2,'20 a 29 años'),(110,3,'Menos de 1 año'),(110,4,'Carrera Técnica'),(110,5,'Soltero(a)'),(110,6,'Masculino'),(111,1,'1'),(111,2,'20 a 29 años'),(111,3,'Menos de 1 año'),(111,4,'Profesional'),(111,5,'Casado(a)'),(111,6,'Masculino'),(112,1,'1'),(112,2,'20 a 29 años'),(112,3,'Menos de 1 año'),(112,4,'Secundaria'),(112,5,'Soltero(a)'),(112,6,'Masculino'),(113,1,'1'),(113,2,'20 a 29 años'),(113,3,'5 a 10 años'),(113,4,'Secundaria'),(113,5,'Divorciado/Separado'),(113,6,'Femenino'),(114,1,'1'),(114,2,'40 a 49 años'),(114,3,'10 años en adelante'),(114,4,'Secundaria'),(114,5,'Soltero(a)'),(114,6,'Femenino'),(115,1,'1'),(115,2,'30 a 39 años'),(115,3,'5 a 10 años'),(115,4,'Secundaria'),(115,5,'Unión Libre'),(115,6,'Femenino'),(116,1,'1'),(116,2,'50 en adelante'),(116,3,'10 años en adelante'),(116,4,'Carrera Técnica'),(116,5,'Unión Libre'),(116,6,'Femenino'),(117,1,'1'),(117,2,'20 a 29 años'),(117,3,'Menos de 1 año'),(117,4,'Preparatoria'),(117,5,'Soltero(a)'),(117,6,'Femenino'),(118,1,'1'),(118,2,'20 a 29 años'),(118,3,'Menos de 1 año'),(118,4,'Preparatoria'),(118,5,'Soltero(a)'),(118,6,'Masculino'),(119,1,'1'),(119,2,'20 a 29 años'),(119,3,'Menos de 1 año'),(119,4,'Preparatoria'),(119,5,'Unión Libre'),(119,6,'Masculino'),(120,1,'1'),(120,2,'20 a 29 años'),(120,3,'Menos de 1 año'),(120,4,'Secundaria'),(120,5,'Unión Libre'),(120,6,'Femenino'),(121,1,'1'),(121,2,'Menos de 20 años'),(121,3,'Menos de 1 año'),(121,4,'Preparatoria'),(121,5,'Soltero(a)'),(121,6,'Femenino'),(122,1,'1'),(122,2,'20 a 29 años'),(122,3,'1 a 5 años'),(122,4,'Preparatoria'),(122,5,'Soltero(a)'),(122,6,'Femenino'),(123,1,'1'),(123,2,'30 a 39 años'),(123,3,'1 a 5 años'),(123,4,'Preparatoria'),(123,5,'Casado(a)'),(123,6,'Femenino'),(124,1,'1'),(124,2,'40 a 49 años'),(124,3,'5 a 10 años'),(124,4,'Secundaria'),(124,5,'Unión Libre'),(124,6,'Masculino'),(125,1,'1'),(125,2,'50 en adelante'),(125,3,'10 años en adelante'),(125,4,'Primaria'),(125,5,'Unión Libre'),(125,6,'Femenino'),(126,1,'1'),(126,2,'20 a 29 años'),(126,3,'5 a 10 años'),(126,4,'Preparatoria'),(126,5,'Casado(a)'),(126,6,'Masculino'),(127,1,'1'),(127,2,'20 a 29 años'),(127,3,'1 a 5 años'),(127,4,'Preparatoria'),(127,5,'Casado(a)'),(127,6,'Masculino'),(128,1,'1'),(128,2,'30 a 39 años'),(128,3,'5 a 10 años'),(128,4,'Secundaria'),(128,5,'Casado(a)'),(128,6,'Masculino'),(129,1,'1'),(129,2,'30 a 39 años'),(129,3,'5 a 10 años'),(129,4,'Primaria'),(129,5,'Casado(a)'),(129,6,'Masculino'),(130,1,'1'),(130,2,'30 a 39 años'),(130,3,'Menos de 1 año'),(130,4,'Carrera Técnica'),(130,5,'Casado(a)'),(130,6,'Masculino'),(131,1,'1'),(131,2,'20 a 29 años'),(131,3,'5 a 10 años'),(131,4,'Secundaria'),(131,5,'Soltero(a)'),(131,6,'Femenino'),(132,1,'1'),(132,2,'30 a 39 años'),(132,3,'5 a 10 años'),(132,4,'Preparatoria'),(132,5,'Unión Libre'),(132,6,'Femenino'),(133,1,'1'),(133,2,'20 a 29 años'),(133,3,'1 a 5 años'),(133,4,'Preparatoria'),(133,5,'Soltero(a)'),(133,6,'Femenino'),(134,1,'1'),(134,2,'30 a 39 años'),(134,3,'10 años en adelante'),(134,4,'Secundaria'),(134,5,'Casado(a)'),(134,6,'Femenino'),(135,1,'1'),(135,2,'20 a 29 años'),(135,3,'1 a 5 años'),(135,4,'Preparatoria'),(135,5,'Soltero(a)'),(135,6,'Femenino'),(136,1,'1'),(136,2,'30 a 39 años'),(136,3,'5 a 10 años'),(136,4,'Preparatoria'),(136,5,'Unión Libre'),(136,6,'Femenino'),(137,1,'1'),(137,2,'40 a 49 años'),(137,3,'10 años en adelante'),(137,4,'Secundaria'),(137,5,'Casado(a)'),(137,6,'Femenino'),(138,1,'1'),(138,2,'50 en adelante'),(138,3,'10 años en adelante'),(138,4,'Secundaria'),(138,5,'Soltero(a)'),(138,6,'Femenino'),(139,1,'1'),(139,2,'50 en adelante'),(139,3,'10 años en adelante'),(139,4,'Secundaria'),(139,5,'Casado(a)'),(139,6,'Femenino'),(140,1,'1'),(140,2,'30 a 39 años'),(140,3,'5 a 10 años'),(140,4,'Secundaria'),(140,5,'Casado(a)'),(140,6,'Masculino'),(141,1,'1'),(141,2,'30 a 39 años'),(141,3,'5 a 10 años'),(141,4,'Secundaria'),(141,5,'Casado(a)'),(141,6,'Femenino'),(142,1,'1'),(142,2,'50 en adelante'),(142,3,'10 años en adelante'),(142,4,'Primaria'),(142,5,'Divorciado/Separado'),(142,6,'Femenino'),(143,1,'1'),(143,2,'20 a 29 años'),(143,3,'1 a 5 años'),(143,4,'Profesional'),(143,5,'Unión Libre'),(143,6,'Femenino'),(144,1,'1'),(144,2,'30 a 39 años'),(144,3,'5 a 10 años'),(144,4,'Profesional'),(144,5,'Casado(a)'),(144,6,'Femenino'),(145,1,'1'),(145,2,'30 a 39 años'),(145,3,'5 a 10 años'),(145,4,'Preparatoria'),(145,5,'Soltero(a)'),(145,6,'Femenino'),(146,1,'1'),(146,2,'20 a 29 años'),(146,3,'Menos de 1 año'),(146,4,'Profesional'),(146,5,'Soltero(a)'),(146,6,'Masculino'),(147,1,'1'),(147,2,'30 a 39 años'),(147,3,'10 años en adelante'),(147,4,'Secundaria'),(147,5,'Casado(a)'),(147,6,'Masculino'),(148,1,'1'),(148,2,'40 a 49 años'),(148,3,'10 años en adelante'),(148,4,'Secundaria'),(148,5,'Unión Libre'),(148,6,'Femenino'),(149,1,'1'),(149,2,'50 en adelante'),(149,3,'1 a 5 años'),(149,4,'Secundaria'),(149,5,'Soltero(a)'),(149,6,'Femenino'),(150,1,'1'),(150,2,'30 a 39 años'),(150,3,'1 a 5 años'),(150,4,'Preparatoria'),(150,5,'Divorciado/Separado'),(150,6,'Femenino'),(151,1,'1'),(151,2,'40 a 49 años'),(151,3,'10 años en adelante'),(151,4,'Secundaria'),(151,5,'Casado(a)'),(151,6,'Femenino'),(152,1,'1'),(152,2,'40 a 49 años'),(152,3,'10 años en adelante'),(152,4,'Secundaria'),(152,5,'Casado(a)'),(152,6,'Femenino'),(153,1,'1'),(153,2,'40 a 49 años'),(153,3,'10 años en adelante'),(153,4,'Secundaria'),(153,5,'Casado(a)'),(153,6,'Femenino'),(154,1,'1'),(154,2,'40 a 49 años'),(154,3,'10 años en adelante'),(154,4,'Secundaria'),(154,5,'Casado(a)'),(154,6,'Femenino'),(155,1,'1'),(155,2,'40 a 49 años'),(155,3,'1 a 5 años'),(155,4,'Preparatoria'),(155,5,'Soltero(a)'),(155,6,'Femenino'),(156,1,'1'),(156,2,'20 a 29 años'),(156,3,'1 a 5 años'),(156,4,'Secundaria'),(156,5,'Unión Libre'),(156,6,'Masculino'),(157,1,'1'),(157,2,'30 a 39 años'),(157,3,'Menos de 1 año'),(157,4,'Preparatoria'),(157,5,'Casado(a)'),(157,6,'Masculino'),(158,1,'1'),(158,2,'20 a 29 años'),(158,3,'1 a 5 años'),(158,4,'Preparatoria'),(158,5,'Unión Libre'),(158,6,'Femenino'),(159,1,'1'),(159,2,'20 a 29 años'),(159,3,'1 a 5 años'),(159,4,'Preparatoria'),(159,5,'Casado(a)'),(159,6,'Masculino'),(160,1,'1'),(160,2,'40 a 49 años'),(160,3,'5 a 10 años'),(160,4,'Secundaria'),(160,5,'Casado(a)'),(160,6,'Masculino'),(161,1,'1'),(161,2,'40 a 49 años'),(161,3,'10 años en adelante'),(161,4,'Carrera Técnica'),(161,5,'Divorciado/Separado'),(161,6,'Femenino'),(162,1,'1'),(162,2,'40 a 49 años'),(162,3,'5 a 10 años'),(162,4,'Secundaria'),(162,5,'Casado(a)'),(162,6,'Masculino'),(163,1,'1'),(163,2,'30 a 39 años'),(163,3,'Menos de 1 año'),(163,4,'Preparatoria'),(163,5,'Casado(a)'),(163,6,'Femenino'),(164,1,'1'),(164,2,'20 a 29 años'),(164,3,'1 a 5 años'),(164,4,'Preparatoria'),(164,5,'Soltero(a)'),(164,6,'Femenino'),(165,1,'1'),(165,2,'50 en adelante'),(165,3,'5 a 10 años'),(165,4,'Preparatoria'),(165,5,'Unión Libre'),(165,6,'Femenino'),(166,1,'1'),(166,2,'20 a 29 años'),(166,3,'Menos de 1 año'),(166,4,'Preparatoria'),(166,5,'Soltero(a)'),(166,6,'Femenino'),(167,1,'1'),(167,2,'40 a 49 años'),(167,3,'10 años en adelante'),(167,4,'Secundaria'),(167,5,'Divorciado/Separado'),(167,6,'Femenino'),(168,1,'1'),(168,2,'20 a 29 años'),(168,3,'1 a 5 años'),(168,4,'Preparatoria'),(168,5,'Divorciado/Separado'),(168,6,'Masculino'),(169,1,'1'),(169,2,'30 a 39 años'),(169,3,'1 a 5 años'),(169,4,'Secundaria'),(169,5,'Unión Libre'),(169,6,'Masculino'),(170,1,'1'),(170,2,'20 a 29 años'),(170,3,'Menos de 1 año'),(170,4,'Secundaria'),(170,5,'Casado(a)'),(170,6,'Masculino'),(171,1,'1'),(171,2,'40 a 49 años'),(171,3,'5 a 10 años'),(171,4,'Secundaria'),(171,5,'Casado(a)'),(171,6,'Masculino'),(172,1,'1'),(172,2,'40 a 49 años'),(172,3,'1 a 5 años'),(172,4,'Secundaria'),(172,5,'Casado(a)'),(172,6,'Masculino'),(173,1,'1'),(173,2,'40 a 49 años'),(173,3,'5 a 10 años'),(173,4,'Preparatoria'),(173,5,'Casado(a)'),(173,6,'Femenino'),(174,1,'1'),(174,2,'40 a 49 años'),(174,3,'1 a 5 años'),(174,4,'Carrera Técnica'),(174,5,'Soltero(a)'),(174,6,'Masculino');
/*!40000 ALTER TABLE `generales_respuestas` ENABLE KEYS */;
UNLOCK TABLES;

--
-- Table structure for table `global`
--

DROP TABLE IF EXISTS `global`;
/*!40101 SET @saved_cs_client     = @@character_set_client */;
/*!40101 SET character_set_client = utf8 */;
CREATE TABLE `global` (
  `folio_id` int(11) DEFAULT NULL,
  `reactivo_id` int(11) DEFAULT NULL,
  `respuesta` int(11) DEFAULT NULL
) ENGINE=InnoDB DEFAULT CHARSET=utf8;
/*!40101 SET character_set_client = @saved_cs_client */;

--
-- Dumping data for table `global`
--

LOCK TABLES `global` WRITE;
/*!40000 ALTER TABLE `global` DISABLE KEYS */;
/*!40000 ALTER TABLE `global` ENABLE KEYS */;
UNLOCK TABLES;

--
-- Table structure for table `lideres`
--

DROP TABLE IF EXISTS `lideres`;
/*!40101 SET @saved_cs_client     = @@character_set_client */;
/*!40101 SET character_set_client = utf8 */;
CREATE TABLE `lideres` (
  `folio_id` int(11) DEFAULT NULL,
  `calificacion` int(11) DEFAULT NULL
) ENGINE=InnoDB DEFAULT CHARSET=utf8;
/*!40101 SET character_set_client = @saved_cs_client */;

--
-- Dumping data for table `lideres`
--

LOCK TABLES `lideres` WRITE;
/*!40000 ALTER TABLE `lideres` DISABLE KEYS */;
INSERT INTO `lideres` VALUES (1,9),(2,5),(3,3),(4,1),(5,1),(6,5),(7,7),(8,10),(9,9),(10,9),(11,9),(12,8),(13,8),(14,3),(15,9),(16,7),(17,5),(18,9),(19,10),(20,10),(21,1),(22,9),(23,5),(24,8),(25,3),(26,8),(27,5),(28,10),(29,7),(30,5),(31,3),(32,5),(33,8),(34,10),(35,8),(36,2),(37,4),(38,6),(39,7),(40,9),(41,5),(42,9),(43,10),(44,9),(45,7),(46,2),(47,8),(48,1),(49,9),(50,7),(51,10),(52,8),(53,4),(54,8),(55,7),(56,8),(57,9),(58,10),(59,7),(60,3),(61,8),(62,10),(63,9),(64,9),(65,10),(66,6),(67,5),(68,10),(69,6),(70,10),(71,10),(72,8),(73,10),(74,9),(75,8),(76,8),(77,8),(78,9),(79,8),(80,9),(81,8),(82,5),(83,10),(84,4),(85,8),(86,9),(87,10),(88,10),(89,8),(90,9),(91,10),(92,10),(93,8),(94,5),(95,10),(96,8),(97,10),(98,10),(99,9),(100,9),(101,10),(102,10),(103,10),(104,2),(105,5),(106,1),(107,3),(108,3),(109,3),(110,8),(111,1),(112,10),(113,1),(114,5),(115,9),(116,3),(117,6),(118,8),(119,1),(120,10),(121,9),(122,1),(123,1),(124,8),(125,10),(126,8),(127,1),(128,1),(129,8),(130,5),(131,8),(132,8),(133,10),(134,10),(135,5),(136,8),(137,8),(138,8),(139,7),(140,5),(141,3),(142,8),(143,7),(144,6),(145,6),(146,8),(147,7),(148,1),(149,4),(150,6),(151,1),(152,1),(153,10),(154,1),(155,8),(156,2),(157,5),(158,5),(159,2),(160,6),(161,5),(162,5),(163,9),(164,5),(165,5),(166,7),(167,8),(168,5),(169,6),(170,6),(171,10),(172,1),(173,8);
/*!40000 ALTER TABLE `lideres` ENABLE KEYS */;
UNLOCK TABLES;

--
-- Table structure for table `plantas`
--

DROP TABLE IF EXISTS `plantas`;
/*!40101 SET @saved_cs_client     = @@character_set_client */;
/*!40101 SET character_set_client = utf8 */;
CREATE TABLE `plantas` (
  `id` int(11) NOT NULL AUTO_INCREMENT,
  `planta` varchar(255) DEFAULT NULL,
  PRIMARY KEY (`id`)
) ENGINE=InnoDB AUTO_INCREMENT=2 DEFAULT CHARSET=utf8;
/*!40101 SET character_set_client = @saved_cs_client */;

--
-- Dumping data for table `plantas`
--

LOCK TABLES `plantas` WRITE;
/*!40000 ALTER TABLE `plantas` DISABLE KEYS */;
INSERT INTO `plantas` VALUES (1,'Matamoros');
/*!40000 ALTER TABLE `plantas` ENABLE KEYS */;
UNLOCK TABLES;

--
-- Table structure for table `reactivos`
--

DROP TABLE IF EXISTS `reactivos`;
/*!40101 SET @saved_cs_client     = @@character_set_client */;
/*!40101 SET character_set_client = utf8 */;
CREATE TABLE `reactivos` (
  `id` int(11) NOT NULL AUTO_INCREMENT,
  `rubro` varchar(255) DEFAULT NULL,
  `factor` varchar(255) DEFAULT NULL,
  `reactivo` text,
  PRIMARY KEY (`id`)
) ENGINE=InnoDB AUTO_INCREMENT=84 DEFAULT CHARSET=utf8;
/*!40101 SET character_set_client = @saved_cs_client */;

--
-- Dumping data for table `reactivos`
--

LOCK TABLES `reactivos` WRITE;
/*!40000 ALTER TABLE `reactivos` DISABLE KEYS */;
INSERT INTO `reactivos` VALUES (1,'Reconocimiento y Recompensa','Promociones y Ascensos','\"En la empresa las personas que tienen un buen desempeño'),(2,'Reconocimiento y Recompensa','Reconocimiento','En la empresa todos somos tomados en cuenta como personas no sólo como colaboradores.'),(3,'Desafío y Oportunidad de Desarrollo','Motivación','Mi trabajo me conduce al desarrollo de mi plan de vida y carrera.'),(4,'Reconocimiento y Recompensa','Reconocimiento','Mi opinión cuenta para la toma de decisiones en mi departamento.'),(5,'Desafío y Oportunidad de Desarrollo','Capacitación','Me siento capacitado para desempeñar mi trabajo.'),(6,'Estructura y Rumbo Organizacional','Comunicación Organizacional','Estoy oportunamente comunicado acerca de lo que sucede en la empresa.'),(7,'Estilos de Liderazgo y Supervisión','Comunicación Jefe-Colaborador','Cuento con el apoyo de mi jefe para resolver las dudas e inquietudes sobre mi trabajo.'),(8,'Sentido de Pertenencia','Eventos deportivos, sociales y culturales','La calidad de los eventos deportivos, sociales y culturales que organiza la empresa es buena.'),(9,'Estilos de Liderazgo y Supervisión','Compromiso en equipo','En mi departamento existe compañerismo y cooperación.'),(10,'Sentido de Pertenencia','Integración a la Empresa','Recomendaría la empresa como un buen lugar para trabajar.'),(11,'Servicios y Condiciones de Trabajo','Instalaciones de la empresa','La empresa se preocupa porque tengamos instalaciones y servicios adecuados.'),(12,'Estructura y Rumbo Organizacional','Valores','Conozco los valores de la empresa.'),(13,'Servicios y Condiciones de Trabajo','Maquinaria y herramientas','La empresa me proporciona las herramientas necesarias para realizar mi trabajo con calidad.'),(14,'Estructura y Rumbo Organizacional','Valores','Practico los valores de la empresa.'),(15,'Estilos de Liderazgo y Supervisión','Comunicación Jefe-Colaborador','Mi jefe se interesa en escuchar lo que tengo que decir.'),(16,'Servicios y Condiciones de Trabajo','Maquinaria y herramientas','Cuento con el equipo y herramientas suficientes para desempeñar mi trabajo.'),(17,'Estilos de Liderazgo y Supervisión','Relación Jefe-Colaborador','La información que recibo de mi jefe para hacer mi trabajo es adecuada y suficiente.'),(18,'Estilos de Liderazgo y Supervisión','Relación Jefe-Colaborador','Cuando cometo un error el trato de mi jefe es respetuoso y constructivo.'),(19,'Sentido de Pertenencia','Contribución','Conozco bien lo que la empresa espera de mi trabajo.'),(20,'Desafío y Oportunidad de Desarrollo','Capacitación','La cantidad de cursos y pláticas que la empresa me ha brindado ha sido la adecuada.'),(21,'Desafío y Oportunidad de Desarrollo','Motivación','Tengo interés en mejorar la forma en cómo hago mi trabajo.'),(22,'Servicios y Condiciones de Trabajo','Seguridad Industrial','Las condiciones de seguridad de mi área de trabajo son adecuadas.'),(23,'Sentido de Pertenencia','Integración a la Empresa','No me iría de la empresa si me ofrecieran un puesto similar en otra empresa.'),(24,'Estilos de Liderazgo y Supervisión','Relación Jefe-Colaborador','La relación que tengo con mi jefe es de respeto.'),(25,'Estructura y Rumbo Organizacional','Mejora Continua','En la empresa la calidad es un valor importante.'),(26,'Reconocimiento y Recompensa','Compensación','En mi empresa existen buenas prestaciones.'),(27,'Servicios y Condiciones de Trabajo','Ambiente de Trabajo','En la empresa se me trata con dignidad y respeto.'),(28,'Reconocimiento y Recompensa','Reconocimiento','La empresa considera a su personal como un elemento de gran valor.'),(29,'Reconocimiento y Recompensa','Compensación','Comparado con otras empresas, el salario que se me paga es bueno.'),(30,'Sentido de Pertenencia','Estabilidad en el Empleo','Puedo decirle a mi jefe libremente cuando estoy en desacuerdo con él.'),(31,'Servicios y Condiciones de Trabajo','Instalaciones de la empresa','Las instalaciones de la empresa (baños, ventilación, luz, aire acondicionado, etc.) contribuyen al mejor desempeño de mi trabajo.'),(32,'Reconocimiento y Recompensa','Promociones y Ascensos','La asignación de categorías y promociones se maneja de forma justa y adecuada.'),(33,'Servicios y Condiciones de Trabajo','Relación con Compañeros','Cuando cometo un error el trato de mis compañeros es respetuoso y constructivo.'),(34,'Estilos de Liderazgo y Supervisión','Relación Jefe-Colaborador','Considero que mi jefe maneja adecuadamente los conflictos de mi departamento.'),(35,'Reconocimiento y Recompensa','Evaluación del Desempeño','Soy retroalimentado acerca de mis fuerzas y debilidades.'),(36,'Estructura y Rumbo Organizacional','Mejora Continua','En la empresa valoramos la calidad.'),(37,'Desafío y Oportunidad de Desarrollo','Capacitación','El tipo de cursos y pláticas que mi empresa me ha brindado me sirven para crecer en lo personal.'),(38,'Desafío y Oportunidad de Desarrollo','Motivación','Me gusta mi trabajo.'),(39,'Sentido de Pertenencia','Relación Empresa-Familia-Amigos','A mi familia y amigos les gusta que yo trabaje en esta empresa.'),(40,'Sentido de Pertenencia','Contribución','Mis resultados contribuyen al éxito de la empresa.'),(41,'Estructura y Rumbo Organizacional','Mejora Continua','Conozco la política y los objetivos de calidad de la empresa.'),(42,'Reconocimiento y Recompensa','Reconocimiento','Recibo reconocimiento cuando hago bien mi trabajo.'),(43,'Estructura y Rumbo Organizacional','Comunicación Organizacional','Considero que existen buenos canales de comunicación entre los departamentos de la empresa.'),(44,'Estructura y Rumbo Organizacional','Comunicación Organizacional','En general en la empresa la comunicación entre las personas facilita el desempeño del trabajo.'),(45,'Estilos de Liderazgo y Supervisión','Comunicación Jefe-Colaborador','Me queda muy claro lo que mi jefe espera de mi.'),(46,'Servicios y Condiciones de Trabajo','Ambiente de trabajo','El ambiente de trabajo es agradable y positivo.'),(47,'Desafío y Oportunidad de Desarrollo','Características de Trabajo','Los resultados esperados de mi trabajo están claramente definidos.'),(48,'Desafío y Oportunidad de Desarrollo','Capacitación','Los cursos y pláticas que he recibido de la empresa están bien organizados.'),(49,'Estructura y Rumbo Organizacional','Mejora Continua','Participo en la Mejora Continua de mi departamento.'),(50,'Estilos de Liderazgo y Supervisión','Compromiso en equipo','Cuando mi departamento necesita apoyo de otras áreas se recibe oportunamente.'),(51,'Estructura y Rumbo Organizacional','Valores','Me identifico con los valores de la empresa.'),(52,'Estilos de Liderazgo y Supervisión','Compromiso en equipo','Si tengo problemas de trabajo, puedo contar con mis compañeros para resolverlos.'),(53,'Desafío y Oportunidad de Desarrollo','Capacitación','Los programas internos de capacitación y desarrollo han contribuido al mejor desempeño de mi trabajo.'),(54,'Servicios y Condiciones de Trabajo','Seguridad Industrial','Mis compañeros siguen las políticas de seguridad industrial.'),(55,'Estilos de Liderazgo y Supervisión','Compromiso en equipo','Existe lealtad en el grupo de trabajo.'),(56,'Sentido de Pertenencia','Integración a la Empresa','Ante situaciones difíciles cuento con el apoyo y comprensión de la empresa.'),(57,'Sentido de Pertenencia','Integración a la Empresa','Me siento orgulloso de trabajar en la empresa.'),(58,'Estructura y Rumbo Organizacional','Valores','Existe espíritu de servicio en las relaciones de trabajo.'),(59,'Sentido de Pertenencia','Estabilidad en el Empleo','El hacer bien mi trabajo me da estabilidad en la empresa.'),(60,'Estructura y Rumbo Organizacional','Mejora Continua','La empresa está preocupada porque participemos en mejorar la calidad.'),(61,'Sentido de Pertenencia','Relación Empresa-Familia-Amigos','Mi carga de trabajo me permite dedicarle tiempo a mi familia.'),(62,'Servicios y Condiciones de Trabajo','Instalaciones de la empresa','Las condiciones físicas del área son agradables para trabajar.'),(63,'Estilos de Liderazgo y Supervisión','Relación Jefe-Colaborador','En lo general considero a mi jefe un buen líder.'),(64,'Servicios y Condiciones de Trabajo','Relación con Compañeros','La relación que tengo con mis compañeros es de respeto.'),(65,'Desafío y Oportunidad de Desarrollo','Motivación','Me siento motivado en mi trabajo.'),(66,'Sentido de Pertenencia','Relación Empresa-Familia-Amigos','Recibo comentarios positivos de familiares y amigos acerca de la empresa.'),(67,'Reconocimiento y Recompensa','Promociones y ascensos','En la empresa se promueve a quién logra resultados.'),(68,'Desafío y Oportunidad de Desarrollo','Motivación','Tengo un trabajo que es interesante.'),(69,'Estilos de Liderazgo y Supervisión','Compromiso en equipo','Las decisiones que se toman en mi unidad de trabajo resultan sumamente efectivas.'),(70,'Estilos de Liderazgo y Supervisión','Compromiso en equipo','Tengo presión por falta de apoyo de otros departamentos para realizar mi trabajo.'),(71,'Sentido de Pertenencia','Integración a la Empresa','Trabajar en esta empresa es de gran valor para mi desarrollo profesional.'),(72,'Desafío y Oportunidad de Desarrollo','Capacitación','En mi trabajo la gente está capacitada para tomar la iniciativa y resolver problemas.'),(73,'Desafío y Oportunidad de Desarrollo','Características de Trabajo','Tengo claras las funciones que debo desarrollar en mi puesto.'),(74,'Desafío y Oportunidad de Desarrollo','Capacitación','La capacitación está relacionada con los requerimientos de mi trabajo.'),(75,'Sentido de Pertenencia','Contribución','Considero que el trabajo que realizo es importante para la empresa.'),(76,'Desafío y Oportunidad de Desarrollo','Capacitación','Mi opinión es tomada en cuenta para mi capacitación.'),(77,'Sentido de Pertenencia','Contribución','Hago buen uso de mis conocimientos y habilidades en mi trabajo.'),(78,'Servicios y Condiciones de Trabajo','Seguridad Industrial','En la empresa se nos capacita sobre la seguridad en el trabajo.'),(79,'Desafío y Oportunidad de Desarrollo','Capacitación','La capacitación que se da en la empresa ayuda a mejorar la productividad.'),(80,'Servicios y Condiciones de Trabajo','Maquinaria y herramientas','El equipo de trabajo se actualiza con la frecuencia necesaria.'),(81,'Servicios y Condiciones de Trabajo','Instalaciones de la empresa','El nivel de ruido es adecuado en mi lugar de trabajo.'),(82,'Estilos de Liderazgo y Supervisión','Compromiso en equipo','Mi jefe motiva y facilita los resultados de nuestro equipo de trabajo.'),(83,'Estructura y Rumbo Organizacional','Mejora Continua','La empresa fomenta la productividad de los colaboradores.');
/*!40000 ALTER TABLE `reactivos` ENABLE KEYS */;
UNLOCK TABLES;

--
-- Table structure for table `servicios`
--

DROP TABLE IF EXISTS `servicios`;
/*!40101 SET @saved_cs_client     = @@character_set_client */;
/*!40101 SET character_set_client = utf8 */;
CREATE TABLE `servicios` (
  `id` int(11) NOT NULL AUTO_INCREMENT,
  `servicio` varchar(255) DEFAULT NULL,
  PRIMARY KEY (`id`)
) ENGINE=InnoDB AUTO_INCREMENT=7 DEFAULT CHARSET=utf8;
/*!40101 SET character_set_client = @saved_cs_client */;

--
-- Dumping data for table `servicios`
--

LOCK TABLES `servicios` WRITE;
/*!40000 ALTER TABLE `servicios` DISABLE KEYS */;
INSERT INTO `servicios` VALUES (1,'Enfermeria'),(2,'Limpieza'),(3,'Nominas y Administracion de Personal'),(4,'Seguridad e Higiene'),(5,'Sistemas'),(6,'Vigilancia');
/*!40000 ALTER TABLE `servicios` ENABLE KEYS */;
UNLOCK TABLES;

--
-- Table structure for table `servicios_respuestas`
--

DROP TABLE IF EXISTS `servicios_respuestas`;
/*!40101 SET @saved_cs_client     = @@character_set_client */;
/*!40101 SET character_set_client = utf8 */;
CREATE TABLE `servicios_respuestas` (
  `folio_id` int(11) DEFAULT NULL,
  `servicio_id` int(11) DEFAULT NULL,
  `respuesta` int(11) DEFAULT NULL
) ENGINE=InnoDB DEFAULT CHARSET=utf8;
/*!40101 SET character_set_client = @saved_cs_client */;

--
-- Dumping data for table `servicios_respuestas`
--

LOCK TABLES `servicios_respuestas` WRITE;
/*!40000 ALTER TABLE `servicios_respuestas` DISABLE KEYS */;
INSERT INTO `servicios_respuestas` VALUES (1,1,-1),(1,2,40),(1,3,-1),(1,4,-1),(1,5,-1),(1,6,-1),(2,1,40),(2,2,-1),(2,3,40),(2,4,-1),(2,5,-1),(2,6,-1),(3,1,40),(3,2,-1),(3,3,-1),(3,4,-1),(3,5,-1),(3,6,40),(4,1,40),(4,2,-1),(4,3,-1),(4,4,40),(4,5,-1),(4,6,-1),(5,1,-1),(5,2,-1),(5,3,-1),(5,4,-1),(5,5,40),(5,6,-1),(6,1,-1),(6,2,-1),(6,3,-1),(6,4,-1),(6,5,-1),(6,6,-1),(7,1,-1),(7,2,-1),(7,3,-1),(7,4,-1),(7,5,-1),(7,6,-1),(8,1,-1),(8,2,-1),(8,3,-1),(8,4,40),(8,5,-1),(8,6,-1),(9,1,-1),(9,2,-1),(9,3,-1),(9,4,-1),(9,5,-1),(9,6,-1),(10,1,-1),(10,2,-1),(10,3,-1),(10,4,40),(10,5,40),(10,6,-1),(11,1,-1),(11,2,40),(11,3,-1),(11,4,40),(11,5,-1),(11,6,40),(12,1,-1),(12,2,-1),(12,3,-1),(12,4,-1),(12,5,-1),(12,6,-1),(13,1,-1),(13,2,-1),(13,3,-1),(13,4,-1),(13,5,-1),(13,6,-1),(14,1,-1),(14,2,-1),(14,3,-1),(14,4,40),(14,5,-1),(14,6,-1),(15,1,-1),(15,2,-1),(15,3,-1),(15,4,-1),(15,5,40),(15,6,-1),(16,1,40),(16,2,-1),(16,3,-1),(16,4,-1),(16,5,-1),(16,6,-1),(17,1,-1),(17,2,-1),(17,3,-1),(17,4,40),(17,5,40),(17,6,-1),(18,1,-1),(18,2,-1),(18,3,-1),(18,4,-1),(18,5,-1),(18,6,40),(19,1,-1),(19,2,-1),(19,3,-1),(19,4,40),(19,5,-1),(19,6,-1),(20,1,40),(20,2,-1),(20,3,40),(20,4,40),(20,5,40),(20,6,-1),(21,1,-1),(21,2,-1),(21,3,-1),(21,4,-1),(21,5,-1),(21,6,-1),(22,1,-1),(22,2,-1),(22,3,-1),(22,4,-1),(22,5,-1),(22,6,-1),(23,1,-1),(23,2,-1),(23,3,-1),(23,4,-1),(23,5,-1),(23,6,-1),(24,1,-1),(24,2,-1),(24,3,-1),(24,4,40),(24,5,-1),(24,6,-1),(25,1,40),(25,2,40),(25,3,40),(25,4,40),(25,5,-1),(25,6,-1),(26,1,-1),(26,2,-1),(26,3,40),(26,4,-1),(26,5,40),(26,6,40),(27,1,-1),(27,2,40),(27,3,-1),(27,4,40),(27,5,40),(27,6,-1),(28,1,-1),(28,2,-1),(28,3,-1),(28,4,-1),(28,5,-1),(28,6,-1),(29,1,40),(29,2,-1),(29,3,-1),(29,4,-1),(29,5,-1),(29,6,-1),(30,1,-1),(30,2,40),(30,3,40),(30,4,40),(30,5,40),(30,6,40),(31,1,40),(31,2,40),(31,3,40),(31,4,-1),(31,5,-1),(31,6,-1),(32,1,-1),(32,2,-1),(32,3,40),(32,4,-1),(32,5,-1),(32,6,-1),(33,1,-1),(33,2,-1),(33,3,40),(33,4,-1),(33,5,-1),(33,6,40),(34,1,-1),(34,2,-1),(34,3,-1),(34,4,-1),(34,5,-1),(34,6,-1),(35,1,40),(35,2,-1),(35,3,-1),(35,4,-1),(35,5,-1),(35,6,-1),(36,1,-1),(36,2,40),(36,3,-1),(36,4,40),(36,5,-1),(36,6,-1),(37,1,40),(37,2,40),(37,3,40),(37,4,40),(37,5,40),(37,6,40),(38,1,40),(38,2,40),(38,3,40),(38,4,40),(38,5,40),(38,6,40),(39,1,-1),(39,2,40),(39,3,40),(39,4,-1),(39,5,40),(39,6,40),(40,1,-1),(40,2,40),(40,3,-1),(40,4,-1),(40,5,-1),(40,6,-1),(41,1,40),(41,2,40),(41,3,40),(41,4,40),(41,5,40),(41,6,40),(42,1,-1),(42,2,-1),(42,3,-1),(42,4,40),(42,5,40),(42,6,-1),(43,1,-1),(43,2,-1),(43,3,-1),(43,4,-1),(43,5,-1),(43,6,-1),(44,1,-1),(44,2,-1),(44,3,-1),(44,4,-1),(44,5,-1),(44,6,-1),(45,1,40),(45,2,-1),(45,3,40),(45,4,40),(45,5,40),(45,6,40),(46,1,-1),(46,2,-1),(46,3,-1),(46,4,-1),(46,5,40),(46,6,40),(47,1,40),(47,2,40),(47,3,40),(47,4,40),(47,5,40),(47,6,40),(48,1,40),(48,2,-1),(48,3,40),(48,4,40),(48,5,40),(48,6,40),(49,1,40),(49,2,-1),(49,3,-1),(49,4,-1),(49,5,-1),(49,6,-1),(50,1,-1),(50,2,-1),(50,3,-1),(50,4,-1),(50,5,-1),(50,6,-1),(51,1,-1),(51,2,-1),(51,3,-1),(51,4,-1),(51,5,-1),(51,6,-1),(52,1,40),(52,2,-1),(52,3,-1),(52,4,40),(52,5,40),(52,6,-1),(53,1,-1),(53,2,-1),(53,3,-1),(53,4,-1),(53,5,-1),(53,6,-1),(54,1,40),(54,2,-1),(54,3,40),(54,4,-1),(54,5,-1),(54,6,-1),(55,1,-1),(55,2,-1),(55,3,-1),(55,4,-1),(55,5,-1),(55,6,-1),(56,1,-1),(56,2,-1),(56,3,-1),(56,4,-1),(56,5,-1),(56,6,-1),(57,1,-1),(57,2,-1),(57,3,-1),(57,4,-1),(57,5,-1),(57,6,-1),(58,1,-1),(58,2,-1),(58,3,-1),(58,4,-1),(58,5,-1),(58,6,-1),(59,1,40),(59,2,-1),(59,3,-1),(59,4,-1),(59,5,-1),(59,6,40),(60,1,-1),(60,2,-1),(60,3,-1),(60,4,40),(60,5,-1),(60,6,-1),(61,1,-1),(61,2,-1),(61,3,-1),(61,4,-1),(61,5,-1),(61,6,-1),(62,1,-1),(62,2,-1),(62,3,-1),(62,4,40),(62,5,-1),(62,6,-1),(63,1,-1),(63,2,-1),(63,3,-1),(63,4,-1),(63,5,-1),(63,6,-1),(64,1,-1),(64,2,-1),(64,3,-1),(64,4,-1),(64,5,-1),(64,6,-1),(65,1,-1),(65,2,40),(65,3,-1),(65,4,-1),(65,5,-1),(65,6,-1),(66,1,40),(66,2,40),(66,3,-1),(66,4,-1),(66,5,-1),(66,6,40),(67,1,40),(67,2,40),(67,3,-1),(67,4,-1),(67,5,40),(67,6,-1),(68,1,-1),(68,2,-1),(68,3,-1),(68,4,-1),(68,5,-1),(68,6,-1),(69,1,-1),(69,2,-1),(69,3,-1),(69,4,40),(69,5,40),(69,6,40),(70,1,40),(70,2,-1),(70,3,-1),(70,4,40),(70,5,-1),(70,6,-1),(71,1,40),(71,2,-1),(71,3,-1),(71,4,-1),(71,5,-1),(71,6,-1),(72,1,40),(72,2,40),(72,3,40),(72,4,-1),(72,5,40),(72,6,40),(73,1,-1),(73,2,40),(73,3,-1),(73,4,40),(73,5,-1),(73,6,-1),(74,1,-1),(74,2,-1),(74,3,-1),(74,4,40),(74,5,-1),(74,6,-1),(75,1,-1),(75,2,-1),(75,3,-1),(75,4,40),(75,5,-1),(75,6,-1),(76,1,40),(76,2,-1),(76,3,-1),(76,4,-1),(76,5,40),(76,6,40),(77,1,-1),(77,2,-1),(77,3,-1),(77,4,-1),(77,5,-1),(77,6,-1),(78,1,40),(78,2,-1),(78,3,-1),(78,4,-1),(78,5,40),(78,6,-1),(79,1,-1),(79,2,-1),(79,3,-1),(79,4,40),(79,5,40),(79,6,40),(80,1,-1),(80,2,-1),(80,3,-1),(80,4,-1),(80,5,-1),(80,6,-1),(81,1,-1),(81,2,-1),(81,3,-1),(81,4,-1),(81,5,40),(81,6,-1),(82,1,-1),(82,2,-1),(82,3,40),(82,4,-1),(82,5,-1),(82,6,40),(83,1,-1),(83,2,-1),(83,3,-1),(83,4,-1),(83,5,-1),(83,6,-1),(84,1,-1),(84,2,-1),(84,3,40),(84,4,40),(84,5,40),(84,6,-1),(85,1,-1),(85,2,40),(85,3,40),(85,4,-1),(85,5,-1),(85,6,-1),(86,1,-1),(86,2,-1),(86,3,-1),(86,4,-1),(86,5,40),(86,6,-1),(87,1,-1),(87,2,-1),(87,3,-1),(87,4,-1),(87,5,-1),(87,6,-1),(88,1,-1),(88,2,40),(88,3,-1),(88,4,40),(88,5,40),(88,6,40),(89,1,-1),(89,2,40),(89,3,-1),(89,4,40),(89,5,-1),(89,6,40),(90,1,-1),(90,2,-1),(90,3,-1),(90,4,-1),(90,5,-1),(90,6,-1),(91,1,-1),(91,2,-1),(91,3,-1),(91,4,-1),(91,5,-1),(91,6,-1),(92,1,-1),(92,2,-1),(92,3,-1),(92,4,-1),(92,5,-1),(92,6,-1),(93,1,-1),(93,2,-1),(93,3,-1),(93,4,-1),(93,5,-1),(93,6,-1),(94,1,-1),(94,2,-1),(94,3,-1),(94,4,40),(94,5,-1),(94,6,-1),(95,1,-1),(95,2,-1),(95,3,-1),(95,4,-1),(95,5,-1),(95,6,-1),(96,1,-1),(96,2,-1),(96,3,-1),(96,4,-1),(96,5,40),(96,6,40),(97,1,-1),(97,2,-1),(97,3,-1),(97,4,-1),(97,5,-1),(97,6,40),(98,1,40),(98,2,-1),(98,3,-1),(98,4,-1),(98,5,-1),(98,6,-1),(99,1,-1),(99,2,-1),(99,3,-1),(99,4,-1),(99,5,-1),(99,6,-1),(100,1,-1),(100,2,-1),(100,3,-1),(100,4,40),(100,5,-1),(100,6,40),(101,1,-1),(101,2,-1),(101,3,-1),(101,4,-1),(101,5,-1),(101,6,40),(102,1,-1),(102,2,-1),(102,3,-1),(102,4,-1),(102,5,-1),(102,6,-1),(103,1,-1),(103,2,-1),(103,3,-1),(103,4,-1),(103,5,40),(103,6,40),(104,1,40),(104,2,40),(104,3,40),(104,4,-1),(104,5,-1),(104,6,-1),(105,1,-1),(105,2,-1),(105,3,-1),(105,4,-1),(105,5,-1),(105,6,-1),(106,1,-1),(106,2,-1),(106,3,-1),(106,4,40),(106,5,-1),(106,6,-1),(107,1,40),(107,2,40),(107,3,-1),(107,4,40),(107,5,-1),(107,6,-1),(108,1,40),(108,2,40),(108,3,-1),(108,4,40),(108,5,-1),(108,6,-1),(109,1,40),(109,2,40),(109,3,-1),(109,4,40),(109,5,-1),(109,6,-1),(110,1,40),(110,2,-1),(110,3,-1),(110,4,-1),(110,5,-1),(110,6,-1),(111,1,40),(111,2,40),(111,3,40),(111,4,-1),(111,5,-1),(111,6,-1),(112,1,40),(112,2,40),(112,3,40),(112,4,40),(112,5,-1),(112,6,40),(113,1,40),(113,2,40),(113,3,-1),(113,4,40),(113,5,-1),(113,6,-1),(114,1,-1),(114,2,40),(114,3,40),(114,4,-1),(114,5,-1),(114,6,40),(115,1,-1),(115,2,40),(115,3,40),(115,4,40),(115,5,-1),(115,6,-1),(116,1,-1),(116,2,-1),(116,3,-1),(116,4,-1),(116,5,-1),(116,6,-1),(117,1,-1),(117,2,-1),(117,3,-1),(117,4,-1),(117,5,-1),(117,6,-1),(118,1,-1),(118,2,-1),(118,3,-1),(118,4,40),(118,5,-1),(118,6,-1),(119,1,-1),(119,2,-1),(119,3,40),(119,4,-1),(119,5,-1),(119,6,-1),(120,1,-1),(120,2,-1),(120,3,-1),(120,4,40),(120,5,-1),(120,6,-1),(121,1,-1),(121,2,-1),(121,3,-1),(121,4,-1),(121,5,-1),(121,6,-1),(122,1,-1),(122,2,-1),(122,3,40),(122,4,40),(122,5,40),(122,6,-1),(123,1,40),(123,2,-1),(123,3,-1),(123,4,40),(123,5,40),(123,6,-1),(124,1,40),(124,2,-1),(124,3,40),(124,4,-1),(124,5,40),(124,6,40),(125,1,40),(125,2,40),(125,3,40),(125,4,40),(125,5,40),(125,6,40),(126,1,-1),(126,2,-1),(126,3,-1),(126,4,-1),(126,5,-1),(126,6,40),(127,1,40),(127,2,-1),(127,3,-1),(127,4,40),(127,5,-1),(127,6,40),(128,1,-1),(128,2,-1),(128,3,-1),(128,4,-1),(128,5,-1),(128,6,-1),(129,1,-1),(129,2,-1),(129,3,-1),(129,4,-1),(129,5,-1),(129,6,-1),(130,1,-1),(130,2,-1),(130,3,-1),(130,4,-1),(130,5,-1),(130,6,-1),(131,1,40),(131,2,40),(131,3,-1),(131,4,-1),(131,5,40),(131,6,40),(132,1,40),(132,2,-1),(132,3,-1),(132,4,40),(132,5,-1),(132,6,40),(133,1,-1),(133,2,40),(133,3,40),(133,4,-1),(133,5,-1),(133,6,-1),(134,1,40),(134,2,-1),(134,3,-1),(134,4,40),(134,5,-1),(134,6,-1),(135,1,40),(135,2,40),(135,3,-1),(135,4,40),(135,5,-1),(135,6,40),(136,1,40),(136,2,-1),(136,3,-1),(136,4,-1),(136,5,-1),(136,6,-1),(137,1,40),(137,2,40),(137,3,40),(137,4,40),(137,5,40),(137,6,40),(138,1,40),(138,2,40),(138,3,40),(138,4,40),(138,5,40),(138,6,40),(139,1,-1),(139,2,-1),(139,3,-1),(139,4,-1),(139,5,-1),(139,6,-1),(140,1,-1),(140,2,-1),(140,3,-1),(140,4,40),(140,5,-1),(140,6,40),(141,1,-1),(141,2,40),(141,3,-1),(141,4,-1),(141,5,40),(141,6,-1),(142,1,40),(142,2,40),(142,3,40),(142,4,40),(142,5,40),(142,6,40),(143,1,-1),(143,2,-1),(143,3,-1),(143,4,-1),(143,5,40),(143,6,-1),(144,1,40),(144,2,-1),(144,3,-1),(144,4,40),(144,5,-1),(144,6,40),(145,1,40),(145,2,40),(145,3,40),(145,4,-1),(145,5,40),(145,6,40),(146,1,40),(146,2,40),(146,3,-1),(146,4,-1),(146,5,40),(146,6,-1),(147,1,-1),(147,2,-1),(147,3,-1),(147,4,-1),(147,5,-1),(147,6,-1),(148,1,-1),(148,2,-1),(148,3,-1),(148,4,-1),(148,5,-1),(148,6,-1),(149,1,40),(149,2,40),(149,3,40),(149,4,40),(149,5,40),(149,6,40),(150,1,-1),(150,2,40),(150,3,40),(150,4,40),(150,5,40),(150,6,40),(151,1,-1),(151,2,-1),(151,3,-1),(151,4,-1),(151,5,-1),(151,6,-1),(152,1,40),(152,2,-1),(152,3,-1),(152,4,-1),(152,5,-1),(152,6,-1),(153,1,-1),(153,2,-1),(153,3,-1),(153,4,-1),(153,5,-1),(153,6,-1),(154,1,-1),(154,2,40),(154,3,40),(154,4,40),(154,5,40),(154,6,40),(155,1,-1),(155,2,-1),(155,3,-1),(155,4,-1),(155,5,40),(155,6,40),(156,1,40),(156,2,40),(156,3,40),(156,4,-1),(156,5,40),(156,6,-1),(157,1,40),(157,2,40),(157,3,40),(157,4,40),(157,5,40),(157,6,40),(158,1,-1),(158,2,-1),(158,3,40),(158,4,40),(158,5,-1),(158,6,-1),(159,1,-1),(159,2,-1),(159,3,40),(159,4,-1),(159,5,40),(159,6,-1),(160,1,-1),(160,2,-1),(160,3,40),(160,4,40),(160,5,-1),(160,6,-1),(161,1,-1),(161,2,-1),(161,3,40),(161,4,-1),(161,5,-1),(161,6,-1),(162,1,40),(162,2,-1),(162,3,40),(162,4,-1),(162,5,-1),(162,6,-1),(163,1,40),(163,2,-1),(163,3,-1),(163,4,-1),(163,5,-1),(163,6,-1),(164,1,40),(164,2,-1),(164,3,40),(164,4,40),(164,5,40),(164,6,-1),(165,1,40),(165,2,40),(165,3,40),(165,4,40),(165,5,40),(165,6,40),(166,1,-1),(166,2,40),(166,3,-1),(166,4,-1),(166,5,40),(166,6,-1),(167,1,-1),(167,2,40),(167,3,40),(167,4,40),(167,5,40),(167,6,40),(168,1,-1),(168,2,-1),(168,3,40),(168,4,-1),(168,5,40),(168,6,-1),(169,1,40),(169,2,-1),(169,3,-1),(169,4,-1),(169,5,-1),(169,6,-1),(170,1,40),(170,2,-1),(170,3,40),(170,4,40),(170,5,40),(170,6,40),(171,1,-1),(171,2,-1),(171,3,-1),(171,4,-1),(171,5,-1),(171,6,-1),(172,1,-1),(172,2,-1),(172,3,-1),(172,4,-1),(172,5,-1),(172,6,-1),(173,1,-1),(173,2,-1),(173,3,-1),(173,4,40),(173,5,40),(173,6,40),(174,1,40),(174,2,-1),(174,3,-1),(174,4,-1),(174,5,40),(174,6,40);
/*!40000 ALTER TABLE `servicios_respuestas` ENABLE KEYS */;
UNLOCK TABLES;
/*!40103 SET TIME_ZONE=@OLD_TIME_ZONE */;

/*!40101 SET SQL_MODE=@OLD_SQL_MODE */;
/*!40014 SET FOREIGN_KEY_CHECKS=@OLD_FOREIGN_KEY_CHECKS */;
/*!40014 SET UNIQUE_CHECKS=@OLD_UNIQUE_CHECKS */;
/*!40101 SET CHARACTER_SET_CLIENT=@OLD_CHARACTER_SET_CLIENT */;
/*!40101 SET CHARACTER_SET_RESULTS=@OLD_CHARACTER_SET_RESULTS */;
/*!40101 SET COLLATION_CONNECTION=@OLD_COLLATION_CONNECTION */;
/*!40111 SET SQL_NOTES=@OLD_SQL_NOTES */;

-- Dump completed on 2019-11-26  3:05:46
